id|id_registro|id_aplicacion|nombre|nombre1|nombre2|comentarios|direccion|nombre_pais|nombre_provincia|nombre_poblacion|nombre_codpostal|email|web|tel_fijo|tel_movil|fax
1|1|4|Vivamus euismod urna. Nullam lobortis quam a|consequat nec, mollis vitae, posuere at, velit. Cras lorem|pede sagittis augue, eu tempor erat neque non quam. Pellentesque|tortor at risus. Nunc ac sem ut dolor dapibus gravida. Aliquam tincidunt, nunc ac mattis ornare, lectus ante dictum mi, ac mattis velit justo nec ante. Maecenas mi felis, adipiscing fringilla, porttitor vulputate, posuere vulputate, lacus. Cras interdum. Nunc sollicitudin commodo ipsum. Suspendisse non leo. Vivamus nibh dolor, nonummy ac, feugiat non, lobortis quis, pede. Suspendisse dui. Fusce diam nunc, ullamcorper eu, euismod ac, fermentum vel, mauris. Integer sem elit, pharetra ut, pharetra sed, hendrerit a, arcu. Sed et libero. Proin mi.|4630 Ornare Ave|Fiji|Zuid Holland|Niagara Falls|F4V 5O6|ornare.lectus.ante@adipiscinglobortis.ca|http://www.fzuxtpibno.tom|93 534 47 02|673 658 227|91 699 89 77
2|7|4|interdum feugiat. Sed nec metus|pede, malesuada vel, venenatis vel, faucibus id, libero. Donec consectetuer|molestie in, tempus eu, ligula. Aenean euismod mauris|et malesuada fames ac turpis egestas. Aliquam fringilla cursus purus. Nullam scelerisque neque sed sem egestas blandit. Nam nulla magna, malesuada vel, convallis in, cursus et, eros.|Ap #788-9369 Sem Ave|French Polynesia|Breconshire|Mount Vernon|O8 2HF|rutrum@vel.org|http://www.iekzvztuhv.lom|91 722 33 99|635 417 730|97 503 82 78
3|0|4|mauris a nunc. In at pede. Cras vulputate|Mauris vestibulum, neque sed dictum|posuere cubilia Curae; Phasellus ornare. Fusce|a purus. Duis elementum, dui quis accumsan convallis, ante lectus convallis est, vitae sodales nisi magna sed dui. Fusce aliquam, enim nec|4542 Neque. Rd.|Honduras|Gelderland|Covington|00581|nibh@molestiedapibusligula.ca|http://www.dpbpcnjoxm.nom|97 724 40 86|695 791 614|90 089 14 07
4|5|31|scelerisque mollis. Phasellus libero mauris,|Cras dolor dolor, tempus non, lacinia at,|tempus eu, ligula. Aenean euismod mauris eu elit.|velit egestas lacinia. Sed congue, elit sed consequat auctor, nunc nulla vulputate dui, nec tempus mauris erat eget ipsum. Suspendisse sagittis. Nullam vitae diam. Proin dolor. Nulla semper tellus id nunc interdum feugiat. Sed nec metus facilisis lorem tristique aliquet. Phasellus fermentum convallis ligula. Donec luctus aliquet|4386 Massa Av.|Mayotte|New Hampshire|South Burlington|07983|Proin.mi@diamnunc.org|http://www.xearuxmfme.gom|97 836 69 65|635 515 340|93 709 72 93
5|10|21|ac ipsum. Phasellus vitae mauris sit amet lorem semper auctor.|metus eu erat semper rutrum. Fusce dolor|dolor vitae dolor. Donec fringilla. Donec feugiat|vulputate dui, nec tempus mauris erat eget ipsum. Suspendisse sagittis. Nullam vitae diam. Proin dolor. Nulla semper tellus id nunc interdum feugiat. Sed nec metus facilisis lorem tristique aliquet. Phasellus fermentum convallis ligula. Donec luctus aliquet odio. Etiam ligula tortor, dictum eu, placerat eget, venenatis a, magna. Lorem ipsum dolor sit amet, consectetuer adipiscing elit. Etiam laoreet, libero et tristique pellentesque, tellus sem mollis dui, in sodales elit erat vitae risus. Duis a mi fringilla mi lacinia mattis. Integer eu lacus. Quisque imperdiet, erat nonummy ultricies ornare, elit elit fermentum risus, at fringilla|4143 Placerat Rd.|Burkina Faso|Fr.|LaGrange|1935XF|vulputate.ullamcorper@Maurisvestibulum.org|http://www.sjimycwcew.vom|94 480 13 58|667 702 726|98 803 54 79
6|4|21|ornare sagittis felis. Donec tempor, est ac mattis semper, dui|diam. Proin dolor. Nulla semper tellus id nunc interdum feugiat.|velit. Quisque varius. Nam porttitor scelerisque|congue a, aliquet vel, vulputate eu, odio. Phasellus at augue id ante dictum cursus. Nunc mauris elit, dictum eu, eleifend nec, malesuada ut, sem. Nulla interdum. Curabitur dictum. Phasellus in|109-2194 Convallis Road|Canada|Alberta|Rialto|16754|ac.turpis@malesuadaaugue.com|http://www.uqngzageez.gom|93 997 64 03|637 505 141|92 855 61 18
7|1|1|urna. Nullam lobortis quam a|luctus, ipsum leo elementum sem, vitae|Donec tempus, lorem fringilla ornare placerat, orci lacus|auctor odio a purus. Duis elementum, dui quis accumsan convallis, ante lectus convallis est, vitae sodales nisi magna sed dui. Fusce aliquam,|4615 Odio Av.|Christmas Island|New Brunswick|New Bedford|27818|at@at.com|http://www.uapgljexom.fom|93 792 58 41|632 400 591|98 142 94 81
8|10|31|augue, eu tempor erat neque non quam.|imperdiet, erat nonummy ultricies ornare, elit elit fermentum risus,|est mauris, rhoncus id, mollis nec, cursus a, enim. Suspendisse|magna, malesuada vel, convallis in, cursus et, eros. Proin ultrices. Duis volutpat nunc sit amet metus. Aliquam erat volutpat. Nulla facilisis. Suspendisse commodo tincidunt nibh. Phasellus nulla. Integer vulputate, risus a ultricies adipiscing, enim mi tempor lorem, eget mollis lectus pede et risus. Quisque libero lacus, varius et, euismod et, commodo at, libero. Morbi accumsan laoreet ipsum. Curabitur consequat, lectus sit amet luctus vulputate, nisi|8480 Sem St.|Greenland|AB|Elizabeth City|2233DP|auctor.velit.eget@natoquepenatibus.ca|http://www.odwzhqvqtw.lom|99 970 29 29|644 178 335|93 803 32 13
9|5|1|elementum sem, vitae aliquam eros|laoreet posuere, enim nisl elementum purus, accumsan interdum|Aenean egestas hendrerit neque. In ornare sagittis felis.|Nunc mauris. Morbi non sapien molestie orci tincidunt adipiscing. Mauris molestie pharetra nibh. Aliquam ornare, libero at auctor ullamcorper, nisl arcu iaculis enim, sit amet ornare lectus justo eu arcu. Morbi sit amet massa. Quisque porttitor eros nec tellus. Nunc lectus pede, ultrices a, auctor non, feugiat nec, diam. Duis mi enim, condimentum eget, volutpat ornare, facilisis eget, ipsum. Donec sollicitudin adipiscing ligula. Aenean gravida nunc sed pede. Cum sociis natoque penatibus et magnis dis parturient montes, nascetur ridiculus mus. Proin vel arcu eu odio tristique pharetra. Quisque ac libero nec ligula consectetuer rhoncus. Nullam velit dui, semper et, lacinia|P.O. Box 822, 2420 Sit Street|Nigeria|SRY|Sioux City|06354|tincidunt.congue@luctus.com|http://www.nlparvvxld.kom|98 216 02 38|663 936 580|92 854 39 03
10|6|4|augue malesuada malesuada. Integer id magna|ultricies dignissim lacus. Aliquam rutrum lorem ac|urna suscipit nonummy. Fusce fermentum fermentum arcu. Vestibulum ante ipsum|lobortis augue scelerisque mollis. Phasellus libero mauris, aliquam eu, accumsan sed, facilisis vitae, orci. Phasellus dapibus quam quis diam. Pellentesque habitant morbi tristique senectus et netus et malesuada fames ac turpis egestas. Fusce aliquet magna a neque. Nullam ut nisi a odio semper cursus. Integer mollis. Integer tincidunt aliquam arcu. Aliquam ultrices iaculis odio. Nam interdum enim non nisi. Aenean eget metus. In nec orci. Donec nibh. Quisque|313-5559 Ut Ave|Albania|Georgia|Pottsville|6773RY|consectetuer.adipiscing.elit@placerat.edu|http://www.yvdpdjedxq.nom|90 662 86 05|696 369 958|99 862 84 34
11|6|21|luctus et ultrices posuere cubilia Curae; Donec tincidunt.|fermentum fermentum arcu. Vestibulum ante ipsum primis in|congue turpis. In condimentum. Donec at|Quisque imperdiet, erat nonummy ultricies ornare, elit elit fermentum risus, at fringilla purus mauris a nunc. In at pede. Cras vulputate velit eu sem. Pellentesque ut ipsum ac mi eleifend egestas. Sed pharetra, felis eget varius ultrices, mauris ipsum porta elit, a feugiat tellus lorem eu metus. In lorem. Donec elementum, lorem ut aliquam iaculis, lacus pede sagittis augue, eu tempor erat neque non quam. Pellentesque habitant morbi tristique senectus et netus et malesuada fames ac turpis egestas. Aliquam fringilla cursus purus. Nullam scelerisque neque sed sem|108-2194 Integer Ave|Hungary|Norfolk|Brooklyn Park|5071TJ|aliquet.libero.Integer@enimNunc.edu|http://www.lydckeivvv.xom|94 359 80 15|646 518 356|97 188 57 06
12|1|1|mi. Duis risus odio, auctor vitae, aliquet nec, imperdiet nec,|odio. Etiam ligula tortor, dictum eu, placerat eget, venenatis a,|ornare sagittis felis. Donec tempor, est ac mattis semper, dui|a felis ullamcorper viverra. Maecenas iaculis aliquet diam. Sed diam lorem, auctor quis, tristique ac, eleifend vitae, erat. Vivamus nisi.|626-4467 Lobortis Avenue|South Africa|Co. Laois|Modesto|I8U 5A7|Ut.tincidunt@condimentumeget.org|http://www.praocpzxvz.yom|99 246 20 21|625 090 065|90 185 75 53
13|7|1|eget nisi dictum augue malesuada malesuada.|eu arcu. Morbi sit amet|ac mattis velit justo nec ante. Maecenas|amet metus. Aliquam erat volutpat. Nulla facilisis. Suspendisse commodo tincidunt nibh. Phasellus nulla. Integer vulputate, risus a ultricies adipiscing, enim mi tempor lorem, eget mollis lectus pede et risus. Quisque libero lacus, varius et, euismod et, commodo at, libero. Morbi accumsan laoreet ipsum. Curabitur consequat, lectus sit amet luctus vulputate, nisi sem semper erat, in consectetuer ipsum nunc id enim.|8712 Duis Av.|United States|NT|Anaconda|VM2E 1KM|in.consequat.enim@purusgravidasagittis.com|http://www.ibzeawcfhb.kom|98 019 01 87|603 914 361|98 431 74 19
14|4|4|malesuada vel, venenatis vel, faucibus|Integer mollis. Integer tincidunt aliquam arcu.|Mauris quis turpis vitae purus gravida sagittis. Duis gravida. Praesent|nibh. Donec est mauris, rhoncus id, mollis nec, cursus a, enim. Suspendisse aliquet, sem ut cursus luctus, ipsum leo|956-9083 Integer St.|Greece|CHS|Goose Creek|7331KJ|urna.Nunc.quis@placerateget.ca|http://www.nxysgxqpfm.com|90 720 78 30|621 353 781|94 383 88 35
15|0|21|Aenean eget magna. Suspendisse tristique neque|lorem, sit amet ultricies sem magna nec|odio a purus. Duis elementum, dui quis accumsan convallis,|mi. Duis risus odio, auctor vitae, aliquet nec, imperdiet nec, leo. Morbi neque tellus, imperdiet non, vestibulum nec, euismod in, dolor. Fusce feugiat. Lorem ipsum dolor sit amet, consectetuer adipiscing elit. Aliquam auctor, velit eget laoreet posuere, enim nisl elementum purus, accumsan interdum libero dui nec|8572 Neque. St.|Chile|MD|Shawnee|R1N 3E7|Pellentesque.ut@In.org|http://www.qmocrkzvmy.lom|91 276 66 49|681 033 107|90 285 83 19
16|0|1|Duis volutpat nunc sit amet metus. Aliquam erat volutpat. Nulla|lacus, varius et, euismod et,|nulla at sem molestie sodales. Mauris|egestas a, scelerisque sed, sapien. Nunc pulvinar arcu et pede. Nunc sed orci lobortis augue scelerisque mollis. Phasellus libero mauris,|Ap #325-6447 In Ave|Korea|ON|Irvine|U5Z 8C9|lorem.vitae.odio@miAliquamgravida.com|http://www.yacrriidsz.yom|94 880 69 40|692 590 687|97 760 66 13
17|3|21|dui quis accumsan convallis, ante lectus convallis est, vitae|dis parturient montes, nascetur ridiculus mus.|lobortis, nisi nibh lacinia orci, consectetuer euismod|Phasellus vitae mauris sit amet lorem semper auctor. Mauris vel turpis. Aliquam adipiscing lobortis risus. In mi pede, nonummy ut, molestie in, tempus eu, ligula. Aenean euismod mauris eu elit. Nulla facilisi. Sed neque. Sed eget lacus. Mauris non dui nec urna suscipit nonummy. Fusce fermentum fermentum arcu. Vestibulum ante ipsum|P.O. Box 226, 1669 Arcu St.|Bermuda|WGM|Richmond|4467ZI|ante@pedemalesuadavel.ca|http://www.lvqozusbdm.dom|95 805 07 33|607 865 807|90 040 42 60
18|2|4|pharetra nibh. Aliquam ornare, libero at auctor ullamcorper, nisl|Sed eget lacus. Mauris non dui nec urna|odio. Nam interdum enim non nisi. Aenean|Duis elementum, dui quis accumsan convallis, ante lectus convallis est, vitae sodales nisi magna sed dui. Fusce aliquam,|P.O. Box 990, 5837 Ante St.|Christmas Island|Massachusetts|Leominster|7149PF|Praesent@penatibuset.edu|http://www.ncxshxhmqt.kom|99 020 41 59|662 002 624|98 600 11 98
19|5|4|ante dictum mi, ac mattis velit|sit amet luctus vulputate, nisi sem semper erat,|convallis est, vitae sodales nisi magna|nec luctus felis purus ac tellus. Suspendisse sed dolor. Fusce mi lorem, vehicula et, rutrum eu, ultrices sit amet, risus. Donec nibh enim, gravida sit amet, dapibus id, blandit at, nisi. Cum sociis natoque penatibus et magnis dis parturient montes, nascetur ridiculus mus. Proin vel nisl. Quisque fringilla euismod enim. Etiam gravida molestie arcu. Sed eu nibh vulputate mauris sagittis placerat. Cras dictum ultricies ligula. Nullam enim. Sed nulla ante, iaculis nec, eleifend non, dapibus rutrum, justo. Praesent luctus. Curabitur egestas nunc sed libero. Proin sed turpis nec mauris blandit mattis. Cras eget nisi dictum augue malesuada malesuada.|Ap #121-4185 Felis Rd.|Ghana|L.|Alamogordo|F9 4RW|quis.lectus@rutrumurna.ca|http://www.vmkiydjilq.wom|98 194 09 80|693 297 973|95 183 93 73
20|2|31|Nullam suscipit, est ac facilisis facilisis, magna tellus faucibus|Duis mi enim, condimentum eget, volutpat ornare,|pede, nonummy ut, molestie in, tempus eu,|Nullam nisl. Maecenas malesuada fringilla est. Mauris eu turpis. Nulla aliquet. Proin velit. Sed malesuada augue ut lacus. Nulla tincidunt, neque vitae semper egestas, urna justo faucibus lectus, a sollicitudin orci sem eget massa. Suspendisse eleifend. Cras sed leo. Cras vehicula aliquet libero. Integer in magna. Phasellus dolor elit,|576-5423 Lobortis, Rd.|Falkland Islands (Malvinas)|QC|Truth or Consequences|G4M 5I1|Nunc@nasceturridiculus.ca|http://www.xypkgdynat.tom|96 477 69 63|618 763 074|97 296 28 26
21|1|21|lorem, sit amet ultricies sem magna nec quam.|egestas. Duis ac arcu. Nunc mauris. Morbi|sapien. Nunc pulvinar arcu et pede. Nunc|auctor. Mauris vel turpis. Aliquam adipiscing lobortis risus. In mi pede, nonummy ut, molestie in, tempus eu, ligula. Aenean euismod mauris eu elit. Nulla facilisi. Sed neque. Sed eget lacus. Mauris non dui nec urna suscipit nonummy. Fusce fermentum fermentum arcu. Vestibulum ante ipsum primis in faucibus orci luctus et ultrices posuere cubilia Curae; Phasellus ornare. Fusce mollis. Duis sit amet diam eu dolor egestas rhoncus. Proin nisl sem, consequat nec, mollis vitae, posuere at, velit.|P.O. Box 428, 7576 Mauris Road|Faroe Islands|KS|Wahoo|V2U 9O3|mi.felis@sedorci.ca|http://www.igstkcnsha.qom|98 538 92 78|645 025 651|95 115 54 22
22|9|4|non enim commodo hendrerit. Donec porttitor tellus non magna.|pede. Cras vulputate velit eu sem. Pellentesque ut ipsum|vulputate mauris sagittis placerat. Cras dictum|in molestie tortor nibh sit amet orci. Ut sagittis lobortis mauris. Suspendisse aliquet molestie tellus. Aenean egestas hendrerit neque. In ornare sagittis felis. Donec tempor, est ac mattis semper, dui lectus rutrum urna, nec luctus felis purus ac tellus. Suspendisse sed dolor. Fusce mi lorem, vehicula|1465 Vitae, Street|Chad|Limburg|Danbury|70209|Integer.eu@magnisdis.org|http://www.rwadgixjne.com|97 636 67 09|630 633 620|94 730 32 05
23|4|4|fringilla purus mauris a nunc. In at|magna tellus faucibus leo, in lobortis tellus justo sit amet|ultricies sem magna nec quam. Curabitur vel lectus. Cum sociis|Curae; Phasellus ornare. Fusce mollis. Duis sit amet diam eu dolor egestas rhoncus. Proin nisl sem, consequat nec, mollis vitae, posuere at, velit. Cras lorem lorem, luctus ut, pellentesque eget, dictum|4128 Condimentum Avenue|South Africa|BKM|Morgan City|Z46 4XB|euismod.est.arcu@PraesentluctusCurabitur.org|http://www.quvysujncw.zom|96 705 65 18|611 376 285|99 705 48 33
24|6|1|Sed eu eros. Nam consequat dolor vitae dolor. Donec|metus urna convallis erat, eget tincidunt|Cras interdum. Nunc sollicitudin commodo|leo elementum sem, vitae aliquam eros turpis non enim. Mauris quis turpis vitae purus gravida sagittis. Duis gravida. Praesent eu nulla at sem molestie sodales. Mauris blandit enim consequat purus. Maecenas libero est, congue a, aliquet vel, vulputate eu, odio. Phasellus at|Ap #675-8398 Felis Avenue|Swaziland|British Columbia|Yorba Linda|WD04 3UP|est.Nunc@purusactellus.ca|http://www.vztoqpkkta.tom|90 463 66 13|652 395 151|96 263 06 15
25|3|21|Aenean sed pede nec ante blandit viverra. Donec tempus, lorem|elementum purus, accumsan interdum libero dui nec|sapien, cursus in, hendrerit consectetuer, cursus et,|quam, elementum at, egestas a, scelerisque sed, sapien. Nunc pulvinar arcu et pede. Nunc sed orci lobortis augue scelerisque mollis. Phasellus libero mauris, aliquam eu, accumsan sed, facilisis vitae, orci. Phasellus dapibus quam quis diam. Pellentesque habitant morbi tristique senectus et netus et malesuada fames ac turpis egestas. Fusce aliquet|Ap #170-4676 Suspendisse St.|Chile|North Carolina|Rancho Cordova|32569|diam.Duis@molestiearcu.org|http://www.aztzclbopk.lom|97 344 41 31|613 538 133|94 792 78 97
26|10|4|malesuada malesuada. Integer id magna et ipsum cursus vestibulum.|molestie sodales. Mauris blandit enim consequat purus. Maecenas libero est,|velit egestas lacinia. Sed congue, elit sed consequat auctor, nunc|Integer in magna. Phasellus dolor elit, pellentesque a, facilisis non, bibendum sed, est. Nunc laoreet lectus quis massa. Mauris vestibulum, neque sed dictum eleifend, nunc risus varius orci, in consequat enim diam vel arcu. Curabitur ut odio vel est tempor bibendum. Donec felis orci, adipiscing non, luctus sit amet, faucibus ut, nulla. Cras eu tellus|Ap #582-1028 Dictum. Avenue|Peru|Ontario|West Warwick|84588|lacus.Nulla@Quisquefringillaeuismod.com|http://www.qavvzjjbbe.som|91 854 98 58|634 780 573|99 593 29 10
27|10|21|gravida mauris ut mi. Duis risus odio,|elit, pretium et, rutrum non, hendrerit id, ante.|fringilla ornare placerat, orci lacus vestibulum lorem, sit|quis turpis vitae purus gravida sagittis. Duis gravida. Praesent eu nulla at sem molestie sodales. Mauris blandit enim consequat purus. Maecenas libero est, congue a, aliquet vel, vulputate eu, odio. Phasellus at augue id ante dictum cursus. Nunc mauris elit, dictum eu, eleifend nec, malesuada ut, sem. Nulla interdum. Curabitur|7076 Sapien. Road|Equatorial Guinea|MDX|Kingsport|64073|ut.erat@turpis.org|http://www.zvddyndrul.vom|97 593 45 98|608 548 284|93 160 14 12
28|4|31|Aliquam ultrices iaculis odio. Nam interdum enim|purus mauris a nunc. In at pede.|posuere at, velit. Cras lorem lorem, luctus ut, pellentesque eget,|elementum, lorem ut aliquam iaculis, lacus pede sagittis augue, eu tempor erat neque non quam. Pellentesque habitant morbi tristique senectus et netus et malesuada fames ac turpis egestas. Aliquam fringilla cursus purus. Nullam scelerisque neque sed sem egestas blandit. Nam nulla magna, malesuada vel, convallis|555-7291 Est Av.|Ireland|WV|Greensboro|82229|sollicitudin.adipiscing@lacusNulla.edu|http://www.qubgqmtjxb.rom|97 224 01 33|612 144 430|97 749 32 06
29|9|4|in faucibus orci luctus et ultrices posuere|aliquet libero. Integer in magna. Phasellus dolor|semper. Nam tempor diam dictum sapien. Aenean massa. Integer vitae|non arcu. Vivamus sit amet risus. Donec egestas. Aliquam nec enim. Nunc ut erat. Sed nunc est, mollis non, cursus non, egestas a, dui. Cras pellentesque. Sed dictum. Proin eget odio. Aliquam vulputate ullamcorper magna. Sed eu eros. Nam consequat dolor vitae dolor. Donec fringilla. Donec feugiat metus sit amet ante. Vivamus non lorem vitae odio sagittis semper. Nam tempor diam dictum sapien. Aenean massa. Integer vitae nibh. Donec est mauris, rhoncus id, mollis|917-808 Tellus Ave|Kuwait|MD|Broken Arrow|3392UG|vitae.purus@nasceturridiculusmus.com|http://www.jlxcsueezk.com|95 022 42 38|657 149 973|90 373 71 28
30|9|21|scelerisque sed, sapien. Nunc pulvinar|felis orci, adipiscing non, luctus|pede, malesuada vel, venenatis vel,|feugiat placerat velit. Quisque varius. Nam porttitor scelerisque neque. Nullam nisl. Maecenas malesuada fringilla est. Mauris eu turpis. Nulla aliquet. Proin velit. Sed malesuada augue ut lacus. Nulla tincidunt, neque vitae semper egestas, urna justo faucibus lectus, a sollicitudin orci sem eget massa. Suspendisse eleifend. Cras sed leo. Cras vehicula aliquet libero. Integer in magna. Phasellus dolor|Ap #306-7965 Erat Avenue|Cayman Islands|Flintshire|Youngstown|1630SJ|convallis@sodalesMaurisblandit.com|http://www.iohifncjlb.zom|93 935 80 52|647 887 518|93 997 25 06
31|8|31|nibh. Quisque nonummy ipsum non arcu. Vivamus sit amet|nulla vulputate dui, nec tempus mauris erat eget ipsum. Suspendisse|tellus. Nunc lectus pede, ultrices|Maecenas iaculis aliquet diam. Sed diam lorem, auctor quis, tristique ac, eleifend vitae, erat. Vivamus nisi. Mauris nulla. Integer urna. Vivamus molestie dapibus ligula. Aliquam erat volutpat. Nulla dignissim. Maecenas ornare egestas ligula. Nullam feugiat placerat velit. Quisque varius. Nam porttitor scelerisque neque. Nullam nisl. Maecenas malesuada fringilla est. Mauris eu turpis. Nulla aliquet. Proin velit. Sed malesuada augue ut lacus. Nulla tincidunt, neque vitae semper egestas, urna justo faucibus|540-7881 Lectus Rd.|Taiwan, Province of China|NY|Rutland|H4S 1Z4|Proin@lobortis.com|http://www.vpejzrevxv.nom|98 036 71 41|627 597 539|95 517 37 97
32|7|21|et, rutrum eu, ultrices sit amet, risus. Donec nibh enim,|faucibus orci luctus et ultrices posuere cubilia Curae;|Maecenas malesuada fringilla est. Mauris|vitae, sodales at, velit. Pellentesque ultricies dignissim lacus. Aliquam rutrum lorem ac risus. Morbi metus. Vivamus euismod urna. Nullam lobortis quam a felis ullamcorper viverra. Maecenas iaculis aliquet diam. Sed diam lorem, auctor quis, tristique ac, eleifend vitae, erat. Vivamus nisi. Mauris nulla. Integer urna. Vivamus molestie dapibus ligula. Aliquam erat volutpat. Nulla dignissim. Maecenas ornare egestas ligula. Nullam feugiat placerat velit. Quisque varius. Nam porttitor scelerisque neque. Nullam nisl. Maecenas malesuada fringilla est. Mauris eu turpis. Nulla aliquet. Proin velit. Sed malesuada augue|Ap #551-6673 Habitant Rd.|Saint Vincent and The Grenadines|BAN|Bellingham|70646|diam.nunc@lectus.ca|http://www.odiprwdipj.pom|93 433 36 94|668 275 631|96 545 05 96
33|2|1|nisl. Quisque fringilla euismod enim. Etiam gravida molestie arcu.|sagittis. Duis gravida. Praesent eu nulla at|a tortor. Nunc commodo auctor|scelerisque neque. Nullam nisl. Maecenas malesuada fringilla est. Mauris eu turpis. Nulla aliquet. Proin velit. Sed malesuada augue ut lacus. Nulla tincidunt, neque vitae semper egestas, urna justo faucibus lectus, a sollicitudin orci sem eget massa. Suspendisse eleifend. Cras sed leo. Cras vehicula aliquet libero. Integer in magna. Phasellus dolor elit, pellentesque a, facilisis non, bibendum sed, est. Nunc laoreet lectus|P.O. Box 117, 3521 Tristique Avenue|Panama|L.|Abilene|5297BU|magna@ultriciesdignissimlacus.edu|http://www.ntelteulci.wom|95 551 38 17|616 914 096|94 805 37 78
34|6|31|tortor. Integer aliquam adipiscing lacus. Ut nec urna|ipsum. Curabitur consequat, lectus sit|magna. Nam ligula elit, pretium et, rutrum non, hendrerit id,|sollicitudin orci sem eget massa. Suspendisse eleifend. Cras sed leo. Cras vehicula aliquet libero. Integer in magna. Phasellus dolor elit, pellentesque a, facilisis non, bibendum sed, est. Nunc laoreet lectus quis massa. Mauris vestibulum, neque sed dictum eleifend, nunc risus varius orci, in consequat enim diam vel arcu.|P.O. Box 866, 4677 Arcu Ave|Honduras|Zld.|Pawtucket|MH5 0FC|Fusce@et.ca|http://www.lineojqyxc.nom|98 695 52 11|696 457 667|98 666 09 12
35|5|31|nec tempus scelerisque, lorem ipsum sodales purus, in molestie tortor|Cras interdum. Nunc sollicitudin commodo ipsum. Suspendisse|Aliquam rutrum lorem ac risus. Morbi metus. Vivamus euismod urna.|nulla magna, malesuada vel, convallis in, cursus et, eros. Proin ultrices. Duis volutpat nunc sit amet metus. Aliquam erat volutpat. Nulla facilisis. Suspendisse commodo tincidunt nibh. Phasellus nulla. Integer vulputate, risus a ultricies adipiscing, enim mi tempor lorem, eget mollis lectus pede et risus. Quisque libero lacus, varius et, euismod et, commodo at, libero. Morbi accumsan laoreet ipsum. Curabitur consequat,|P.O. Box 154, 2651 Malesuada St.|Cambodia|Delaware|Temple City|80035|neque.non.quam@vulputate.ca|http://www.llshowjvac.nom|96 579 79 76|676 577 937|97 455 90 22
36|6|1|tincidunt, neque vitae semper egestas, urna justo faucibus|magna nec quam. Curabitur vel|placerat eget, venenatis a, magna. Lorem ipsum dolor sit amet,|bibendum fermentum metus. Aenean sed pede nec ante blandit viverra. Donec tempus, lorem fringilla ornare placerat, orci lacus vestibulum lorem, sit amet ultricies sem magna nec quam. Curabitur vel lectus. Cum sociis|Ap #546-7281 Ut St.|Guadeloupe|Virginia|Edmond|27088|quam.vel@condimentumegetvolutpat.edu|http://www.sovkplxiuc.qom|99 074 76 39|612 283 169|93 525 28 36
37|4|1|feugiat. Sed nec metus facilisis lorem tristique aliquet.|Nunc commodo auctor velit. Aliquam nisl. Nulla eu|sit amet, risus. Donec nibh enim, gravida|nonummy ipsum non arcu. Vivamus sit amet risus. Donec egestas. Aliquam nec enim. Nunc ut erat. Sed nunc est, mollis non, cursus non, egestas a, dui. Cras pellentesque. Sed dictum. Proin eget odio. Aliquam vulputate ullamcorper magna. Sed eu eros. Nam consequat dolor vitae dolor. Donec fringilla. Donec feugiat metus sit amet ante. Vivamus non lorem vitae odio sagittis semper. Nam tempor diam dictum sapien. Aenean massa. Integer vitae nibh. Donec est mauris, rhoncus id, mollis|3193 Dictum Road|India|Nunavut|Thibodaux|E9 0VL|orci.adipiscing.non@purus.edu|http://www.oawryhkgsh.wom|93 971 35 32|670 371 210|96 357 95 65
38|5|4|dignissim pharetra. Nam ac nulla.|adipiscing. Mauris molestie pharetra nibh. Aliquam ornare, libero at|facilisis vitae, orci. Phasellus dapibus quam quis diam.|Duis sit amet diam eu dolor egestas rhoncus. Proin nisl sem, consequat nec, mollis vitae, posuere at, velit. Cras lorem lorem, luctus ut, pellentesque eget, dictum placerat, augue. Sed molestie. Sed id risus quis|5338 Aenean Rd.|Seychelles|NU|Santa Fe|77432|natoque.penatibus@pellentesqueSeddictum.org|http://www.nextjmoxgc.mom|94 317 88 76|616 390 615|90 166 67 54
39|1|4|egestas. Fusce aliquet magna a neque. Nullam ut nisi a|mollis. Integer tincidunt aliquam arcu. Aliquam|Suspendisse tristique neque venenatis lacus. Etiam bibendum fermentum|penatibus et magnis dis parturient montes, nascetur ridiculus mus. Donec dignissim magna a tortor. Nunc commodo auctor velit. Aliquam nisl. Nulla eu neque pellentesque massa lobortis ultrices. Vivamus rhoncus. Donec est. Nunc ullamcorper, velit in aliquet lobortis, nisi nibh lacinia orci, consectetuer euismod est arcu ac orci. Ut semper pretium neque.|Ap #307-8907 Varius Street|Portugal|West Virginia|Arcadia|VC0 9BA|lectus@in.ca|http://www.ohkvwqsply.gom|93 807 89 83|666 465 566|98 727 25 10
40|4|4|Fusce diam nunc, ullamcorper eu, euismod ac, fermentum vel,|congue. In scelerisque scelerisque dui. Suspendisse|lectus. Nullam suscipit, est ac facilisis|amet lorem semper auctor. Mauris vel turpis. Aliquam adipiscing lobortis risus. In mi pede, nonummy ut, molestie in, tempus eu, ligula. Aenean euismod mauris eu elit. Nulla facilisi. Sed neque. Sed eget lacus. Mauris non dui nec urna suscipit nonummy. Fusce fermentum fermentum arcu. Vestibulum ante ipsum primis in faucibus orci luctus et ultrices posuere cubilia Curae; Phasellus ornare. Fusce mollis. Duis sit amet diam eu|P.O. Box 263, 8312 Dapibus Road|Spain|NY|El Cerrito|U6H 2J0|tincidunt@egestasDuisac.edu|http://www.lmowrtsnoz.bom|99 819 40 28|620 451 852|94 456 80 17
41|7|4|dolor egestas rhoncus. Proin nisl sem, consequat|est. Nunc laoreet lectus quis massa. Mauris|bibendum sed, est. Nunc laoreet lectus|turpis. Nulla aliquet. Proin velit. Sed malesuada augue ut lacus. Nulla tincidunt, neque vitae semper egestas, urna justo faucibus lectus, a sollicitudin orci sem eget massa. Suspendisse eleifend. Cras sed leo. Cras|694-5857 Eleifend. Ave|Pitcairn|Alberta|Parkersburg|S1V 4Z2|Donec.felis.orci@acmattisornare.ca|http://www.xihquyfmqg.tom|94 056 37 22|689 264 291|96 605 53 81
42|1|1|montes, nascetur ridiculus mus. Aenean eget|dignissim tempor arcu. Vestibulum ut eros non|nunc sit amet metus. Aliquam erat volutpat.|nibh. Phasellus nulla. Integer vulputate, risus a ultricies adipiscing, enim mi tempor lorem, eget mollis lectus pede et risus. Quisque libero lacus, varius et, euismod et, commodo at, libero. Morbi accumsan laoreet ipsum. Curabitur consequat, lectus sit amet luctus vulputate, nisi sem semper erat, in consectetuer ipsum nunc id enim. Curabitur massa. Vestibulum accumsan neque et nunc. Quisque ornare tortor at risus. Nunc ac sem ut dolor dapibus gravida.|Ap #777-2507 Sodales St.|Morocco|Michigan|Greenville|7848PV|aliquam.adipiscing@eratin.ca|http://www.bvjbncidwv.lom|90 563 04 70|684 833 418|94 573 65 76
43|1|1|eget, dictum placerat, augue. Sed molestie. Sed id risus quis|ac mi eleifend egestas. Sed pharetra, felis eget varius|arcu. Vestibulum ante ipsum primis in faucibus orci luctus|ipsum. Donec sollicitudin adipiscing ligula. Aenean gravida nunc sed pede. Cum sociis natoque penatibus et magnis dis parturient montes, nascetur ridiculus mus. Proin vel arcu eu odio tristique pharetra. Quisque ac libero nec ligula consectetuer rhoncus. Nullam velit dui, semper et, lacinia vitae, sodales at, velit. Pellentesque|8010 Enim Road|Korea|Drenthe|Saint Joseph|K73 0XE|enim@ipsumnuncid.ca|http://www.oiertzlfrs.pom|97 239 66 68|620 651 572|97 516 14 78
44|2|4|Curabitur ut odio vel est tempor|non, vestibulum nec, euismod in, dolor. Fusce|mauris, rhoncus id, mollis nec, cursus a, enim. Suspendisse aliquet,|ultrices a, auctor non, feugiat nec, diam. Duis mi enim, condimentum eget, volutpat ornare, facilisis eget, ipsum. Donec sollicitudin adipiscing ligula. Aenean gravida nunc sed pede. Cum sociis natoque penatibus et magnis|7284 Arcu Avenue|Sudan|GA|Binghamton|2820BA|semper.dui@lobortisquam.com|http://www.qpuroskkwe.yom|96 101 39 17|644 565 679|91 125 88 34
45|4|1|risus, at fringilla purus mauris a nunc. In at pede.|scelerisque mollis. Phasellus libero mauris, aliquam eu, accumsan sed, facilisis|nunc sed libero. Proin sed turpis nec mauris blandit|et ultrices posuere cubilia Curae; Donec tincidunt. Donec vitae erat vel pede blandit congue. In scelerisque scelerisque dui. Suspendisse ac metus vitae velit egestas lacinia. Sed congue, elit|Ap #862-3013 Venenatis Rd.|Australia|IOW|Ansonia|9593PT|magnis@cursuseteros.edu|http://www.apspgowiws.bom|97 144 71 48|653 347 918|94 075 03 26
46|6|31|lectus ante dictum mi, ac mattis velit|nonummy. Fusce fermentum fermentum arcu. Vestibulum ante ipsum primis|orci, adipiscing non, luctus sit amet, faucibus ut, nulla. Cras|vel arcu. Curabitur ut odio vel est tempor bibendum. Donec felis orci, adipiscing non, luctus sit amet, faucibus ut, nulla. Cras eu tellus eu augue porttitor interdum. Sed auctor odio a purus. Duis elementum, dui quis accumsan convallis, ante lectus convallis est, vitae sodales nisi magna sed|Ap #463-683 Neque St.|Belize|POW|Charleston|57316|arcu.et.pede@Integermollis.edu|http://www.vmmtraescy.fom|96 463 85 00|608 582 640|97 817 76 14
47|3|31|Ut nec urna et arcu imperdiet ullamcorper. Duis|Donec porttitor tellus non magna. Nam ligula|gravida mauris ut mi. Duis risus|consectetuer adipiscing elit. Etiam laoreet, libero et tristique pellentesque, tellus sem mollis dui, in sodales|480-9934 Vel Avenue|Guinea-bissau|OFF|Parkersburg|3876BJ|aliquet.Proin@mifringillami.com|http://www.zpsyxdyhkm.nom|98 614 67 02|603 070 116|95 049 00 60
48|10|4|arcu. Vestibulum ante ipsum primis in faucibus orci luctus et|faucibus ut, nulla. Cras eu|dolor sit amet, consectetuer adipiscing elit. Curabitur sed tortor.|risus. Quisque libero lacus, varius et, euismod et, commodo at, libero. Morbi accumsan laoreet ipsum. Curabitur consequat, lectus sit amet luctus vulputate,|Ap #535-9902 Neque Ave|Pakistan|MEA|Vernon|YI78 0SC|eu@euelitNulla.com|http://www.spbjcbazdm.xom|93 031 72 84|621 202 914|91 064 73 40
49|4|4|egestas ligula. Nullam feugiat placerat|cursus in, hendrerit consectetuer, cursus et, magna. Praesent|Curabitur sed tortor. Integer aliquam adipiscing|ligula eu enim. Etiam imperdiet dictum magna. Ut tincidunt orci quis lectus. Nullam suscipit, est ac facilisis facilisis, magna tellus faucibus leo, in lobortis tellus justo sit amet nulla. Donec non justo. Proin non massa non ante bibendum ullamcorper. Duis cursus, diam at pretium aliquet, metus urna convallis erat, eget tincidunt dui augue eu tellus. Phasellus elit pede, malesuada vel, venenatis vel, faucibus id, libero. Donec consectetuer mauris|220 Enim. Road|Slovenia|Manitoba|Jonesboro|1992IM|Vestibulum.ante@mattis.ca|http://www.dophymhtqm.tom|98 973 87 75|628 421 864|95 835 99 02
50|9|4|Duis cursus, diam at pretium aliquet, metus|Lorem ipsum dolor sit amet, consectetuer|odio. Aliquam vulputate ullamcorper magna. Sed eu|Nullam ut nisi a odio semper cursus. Integer mollis. Integer tincidunt aliquam arcu. Aliquam ultrices iaculis odio. Nam interdum enim non nisi. Aenean eget metus. In nec orci. Donec nibh. Quisque nonummy ipsum non arcu. Vivamus sit amet risus. Donec egestas. Aliquam nec enim. Nunc ut erat. Sed nunc est, mollis non, cursus non, egestas a, dui. Cras pellentesque. Sed dictum. Proin eget odio. Aliquam vulputate ullamcorper magna. Sed eu eros. Nam consequat dolor vitae dolor. Donec fringilla. Donec feugiat metus sit amet ante. Vivamus non lorem vitae odio sagittis semper. Nam tempor diam dictum|1745 Bibendum Av.|Guyana|Alberta|Santa Rosa|T9 8YW|faucibus.ut@ridiculusmus.com|http://www.wtjyefujpw.lom|94 151 12 30|620 728 612|91 695 46 94
51|9|4|in faucibus orci luctus et ultrices|odio semper cursus. Integer mollis. Integer tincidunt aliquam arcu.|dictum placerat, augue. Sed molestie. Sed id risus|amet diam eu dolor egestas rhoncus. Proin nisl sem, consequat nec, mollis vitae, posuere at, velit. Cras lorem lorem, luctus ut, pellentesque eget, dictum placerat, augue. Sed molestie. Sed id risus quis diam luctus|725-4810 Nisi. Rd.|Samoa|Arkansas|San Francisco|4663VW|erat.eget@nonummyFuscefermentum.ca|http://www.fmgryyesrk.tom|92 391 37 90|694 667 453|91 459 70 24
52|10|1|ultrices. Vivamus rhoncus. Donec est. Nunc ullamcorper, velit|nunc, ullamcorper eu, euismod ac, fermentum vel, mauris. Integer sem|eu eros. Nam consequat dolor vitae dolor.|diam. Sed diam lorem, auctor quis, tristique ac, eleifend vitae, erat. Vivamus nisi. Mauris nulla. Integer urna. Vivamus molestie dapibus ligula. Aliquam erat volutpat. Nulla dignissim. Maecenas ornare egestas ligula. Nullam feugiat placerat velit.|P.O. Box 267, 7063 Quis Rd.|Azerbaijan|DNB|East Hartford|2182JL|euismod.mauris.eu@vitaesemper.com|http://www.rupiwuaxjk.rom|97 294 26 61|619 391 731|99 752 43 87
53|1|1|Vivamus sit amet risus. Donec egestas. Aliquam nec enim.|sem, vitae aliquam eros turpis|posuere cubilia Curae; Donec tincidunt. Donec vitae erat vel|elit pede, malesuada vel, venenatis vel, faucibus id, libero. Donec consectetuer mauris id sapien. Cras dolor dolor, tempus non, lacinia at, iaculis quis, pede. Praesent eu dui. Cum sociis natoque penatibus et magnis dis parturient montes, nascetur ridiculus mus. Aenean eget magna. Suspendisse tristique neque venenatis lacus.|814-8373 Est Rd.|Iceland|ROX|Nacogdoches|91607|in.felis@suscipitestac.ca|http://www.naorqwmmhf.som|96 163 16 97|688 605 770|99 568 16 47
54|2|21|ultrices posuere cubilia Curae; Donec tincidunt.|eu tellus eu augue porttitor interdum. Sed auctor|ut, pellentesque eget, dictum placerat, augue. Sed|dolor. Donec fringilla. Donec feugiat metus sit amet ante. Vivamus non lorem vitae odio sagittis semper. Nam tempor diam dictum sapien. Aenean massa. Integer vitae nibh. Donec est mauris, rhoncus id, mollis nec, cursus a, enim. Suspendisse aliquet, sem ut cursus luctus, ipsum leo elementum sem, vitae aliquam eros turpis non enim. Mauris quis turpis vitae purus gravida sagittis. Duis|5644 Sociis Ave|Lebanon|Wyoming|Aguadilla|11294|odio.Phasellus@non.org|http://www.pmetcxmrkd.dom|95 704 10 42|662 384 220|94 420 07 27
55|9|1|turpis nec mauris blandit mattis. Cras|Integer in magna. Phasellus dolor elit, pellentesque a,|amet risus. Donec egestas. Aliquam nec enim. Nunc|Nam ac nulla. In tincidunt congue turpis. In condimentum. Donec at arcu. Vestibulum ante ipsum primis in faucibus orci luctus et ultrices posuere cubilia Curae; Donec tincidunt.|105 Nullam Road|Mongolia|CHS|West Palm Beach|A8 8US|mollis.Integer.tincidunt@arcu.com|http://www.xqrqfbkfrv.mom|95 017 68 35|699 577 347|94 629 59 61
56|1|31|molestie dapibus ligula. Aliquam erat volutpat. Nulla dignissim.|eu augue porttitor interdum. Sed auctor odio|elit, pharetra ut, pharetra sed, hendrerit a, arcu. Sed|erat volutpat. Nulla facilisis. Suspendisse commodo tincidunt nibh. Phasellus nulla. Integer vulputate, risus a ultricies adipiscing, enim mi tempor lorem, eget mollis lectus pede et risus. Quisque libero lacus, varius et, euismod et, commodo at, libero. Morbi accumsan laoreet ipsum. Curabitur consequat, lectus sit amet luctus vulputate, nisi sem semper erat, in consectetuer ipsum nunc id enim. Curabitur massa. Vestibulum|140 Ullamcorper, St.|Saint Helena|Yukon|La Verne|A7U 3V4|dui.nec.urna@Aliquamornarelibero.edu|http://www.wvyoasotjm.com|97 175 69 04|600 182 931|91 232 02 16
57|2|31|Integer aliquam adipiscing lacus. Ut nec|sit amet ultricies sem magna nec|adipiscing fringilla, porttitor vulputate, posuere|elementum, lorem ut aliquam iaculis, lacus pede sagittis augue, eu tempor erat neque non quam. Pellentesque habitant morbi tristique senectus et netus et malesuada fames ac turpis egestas. Aliquam fringilla cursus purus. Nullam scelerisque neque sed sem egestas blandit. Nam nulla magna, malesuada vel, convallis in, cursus et, eros. Proin ultrices. Duis volutpat nunc sit amet metus. Aliquam erat volutpat. Nulla facilisis. Suspendisse commodo tincidunt nibh. Phasellus nulla. Integer vulputate, risus a ultricies adipiscing, enim mi tempor lorem, eget mollis lectus pede et risus. Quisque libero lacus,|5070 Neque. Rd.|Turks and Caicos Islands|Nunavut|Independence|5541VI|a.feugiat@necurna.ca|http://www.lwuyjqlhpz.jom|93 825 74 90|684 636 469|92 192 58 05
58|2|1|mauris. Suspendisse aliquet molestie tellus. Aenean egestas hendrerit neque. In|nec ante. Maecenas mi felis, adipiscing|lacus. Etiam bibendum fermentum metus. Aenean sed pede nec|Donec nibh. Quisque nonummy ipsum non arcu. Vivamus sit amet risus. Donec egestas. Aliquam nec enim. Nunc ut erat. Sed nunc est, mollis non, cursus non, egestas a, dui. Cras pellentesque. Sed dictum. Proin eget odio. Aliquam vulputate ullamcorper magna. Sed eu eros. Nam consequat dolor vitae dolor. Donec fringilla. Donec feugiat metus sit amet ante. Vivamus non lorem vitae odio sagittis semper. Nam tempor diam dictum sapien. Aenean massa. Integer vitae nibh. Donec est mauris, rhoncus|Ap #269-5473 Non Rd.|Guinea-bissau|Gld.|Deadwood|B2O 3W5|Sed.dictum.Proin@nullaante.ca|http://www.eqzreefovj.hom|91 053 90 61|606 269 116|92 520 78 04
59|0|31|enim. Etiam imperdiet dictum magna. Ut tincidunt orci|feugiat. Lorem ipsum dolor sit|Mauris blandit enim consequat purus. Maecenas libero est, congue a,|Nulla tincidunt, neque vitae semper egestas, urna justo faucibus lectus, a|230-1183 Rutrum, Avenue|Kyrgyzstan|South Dakota|Moscow|LW9L 0OB|mauris@quamvelsapien.org|http://www.hvnsyqftbh.nom|96 584 24 28|681 732 343|98 254 53 93
60|3|1|dolor. Donec fringilla. Donec feugiat metus sit|amet, consectetuer adipiscing elit. Etiam laoreet, libero et|nisl sem, consequat nec, mollis vitae, posuere at,|amet orci. Ut sagittis lobortis mauris. Suspendisse aliquet molestie tellus. Aenean egestas hendrerit neque. In ornare sagittis felis. Donec tempor, est ac mattis semper, dui lectus rutrum urna, nec luctus felis purus ac tellus. Suspendisse sed|9431 Lorem, Rd.|Iraq|Friesland|Tuscaloosa|45789|amet@nunc.edu|http://www.rejevzdtkz.wom|95 110 77 46|692 159 942|93 513 22 73
61|1|1|blandit. Nam nulla magna, malesuada vel, convallis in,|Ut sagittis lobortis mauris. Suspendisse|at arcu. Vestibulum ante ipsum primis in faucibus orci|egestas. Sed pharetra, felis eget varius ultrices, mauris ipsum porta elit, a feugiat tellus lorem eu metus. In lorem. Donec elementum, lorem ut aliquam iaculis, lacus pede sagittis augue, eu tempor erat neque non quam. Pellentesque habitant morbi tristique senectus et netus et malesuada fames ac turpis egestas. Aliquam fringilla cursus purus. Nullam scelerisque neque sed sem egestas blandit. Nam nulla magna, malesuada vel, convallis in, cursus et, eros. Proin|Ap #355-1566 Felis Rd.|Martinique|Newfoundland and Labrador|Rockford|0861OF|neque.pellentesque.massa@semperpretiumneque.com|http://www.ioguenytah.wom|94 631 24 82|679 040 660|93 377 63 04
62|5|21|ante ipsum primis in faucibus orci luctus|tristique neque venenatis lacus. Etiam bibendum fermentum metus.|egestas a, scelerisque sed, sapien.|justo faucibus lectus, a sollicitudin orci sem eget massa. Suspendisse eleifend. Cras sed leo. Cras vehicula aliquet libero. Integer in magna. Phasellus dolor elit, pellentesque a, facilisis non, bibendum sed, est. Nunc laoreet lectus|315 Eros Rd.|South Georgia and The South Sandwich Islands|Wyoming|Baytown|SA61 5FO|ligula.Donec.luctus@consectetuer.ca|http://www.mfzabzvsxt.vom|98 358 26 58|635 551 708|95 263 78 37
63|9|4|diam at pretium aliquet, metus urna convallis erat,|sodales at, velit. Pellentesque ultricies dignissim|nonummy ipsum non arcu. Vivamus sit amet|justo nec ante. Maecenas mi felis, adipiscing fringilla, porttitor vulputate, posuere vulputate, lacus. Cras interdum. Nunc sollicitudin commodo ipsum. Suspendisse non leo. Vivamus nibh dolor, nonummy ac, feugiat non, lobortis quis, pede. Suspendisse dui. Fusce diam nunc, ullamcorper eu, euismod ac, fermentum vel, mauris. Integer sem elit, pharetra ut, pharetra sed, hendrerit a, arcu. Sed et libero. Proin mi. Aliquam gravida mauris ut mi. Duis risus odio, auctor vitae, aliquet nec,|Ap #560-8077 Non Avenue|Ukraine|Ohio|Pine Bluff|5324SV|ac@tellus.edu|http://www.wlytbmozpy.lom|97 098 76 58|610 235 925|98 408 25 80
64|6|4|nec mauris blandit mattis. Cras eget nisi dictum|Cum sociis natoque penatibus et magnis dis parturient montes, nascetur|nec ante blandit viverra. Donec tempus, lorem fringilla ornare placerat,|aliquam iaculis, lacus pede sagittis augue, eu tempor erat neque non quam. Pellentesque habitant morbi tristique senectus et netus et malesuada fames ac turpis egestas. Aliquam fringilla cursus purus. Nullam scelerisque neque sed sem egestas blandit. Nam nulla magna, malesuada vel, convallis in, cursus et, eros. Proin ultrices. Duis volutpat nunc sit amet metus. Aliquam erat volutpat. Nulla facilisis. Suspendisse commodo tincidunt nibh. Phasellus nulla.|Ap #168-2455 Parturient Road|Panama|Essex|Guthrie|89942|Cras.convallis@iaculis.ca|http://www.tswhckjicn.vom|91 214 54 18|651 741 267|92 772 44 17
65|6|21|commodo at, libero. Morbi accumsan|eu dui. Cum sociis natoque penatibus et magnis|Suspendisse sagittis. Nullam vitae diam. Proin dolor. Nulla semper|Cras vulputate velit eu sem. Pellentesque ut ipsum ac mi eleifend egestas. Sed pharetra, felis eget varius ultrices, mauris ipsum porta elit, a feugiat tellus lorem eu metus. In lorem. Donec elementum, lorem ut aliquam iaculis, lacus pede sagittis augue, eu tempor erat neque non quam. Pellentesque habitant morbi tristique senectus et netus et malesuada fames ac turpis egestas. Aliquam fringilla cursus purus. Nullam scelerisque neque sed sem egestas blandit. Nam nulla magna, malesuada vel, convallis in, cursus et, eros. Proin ultrices. Duis volutpat nunc sit amet metus.|473-2295 Cubilia Road|Serbia and Montenegro|TAY|Covina|R8X 3I0|tincidunt@pedesagittis.org|http://www.nsxwzictxc.zom|96 280 74 24|659 241 543|95 111 68 05
66|9|4|ullamcorper. Duis cursus, diam at pretium aliquet, metus|pede blandit congue. In scelerisque scelerisque|felis, adipiscing fringilla, porttitor vulputate, posuere vulputate, lacus.|elementum, dui quis accumsan convallis, ante lectus convallis est, vitae sodales|2004 Sed, Ave|Colombia|Co. Antrim|Orem|IQ89 5GO|ligula@In.org|http://www.iemcdrhqus.rom|90 716 28 40|611 806 067|96 941 26 63
67|8|1|semper egestas, urna justo faucibus lectus, a sollicitudin|Sed diam lorem, auctor quis,|vitae purus gravida sagittis. Duis|urna suscipit nonummy. Fusce fermentum fermentum arcu. Vestibulum ante ipsum primis in faucibus orci luctus et ultrices posuere cubilia Curae; Phasellus|P.O. Box 360, 4420 Metus. Road|Cuba|Alabama|Corona|V8N 6D1|dolor.egestas.rhoncus@Phasellusdapibus.com|http://www.qhfbinmoxu.xom|99 186 16 83|687 133 253|95 039 66 17
68|10|21|nibh vulputate mauris sagittis placerat. Cras|Integer aliquam adipiscing lacus. Ut nec urna et|magnis dis parturient montes, nascetur ridiculus mus.|Phasellus in felis. Nulla tempor augue ac ipsum. Phasellus vitae mauris sit amet lorem semper auctor. Mauris vel turpis. Aliquam adipiscing|776 Sit Street|Mexico|YKS|Norwich|3360JH|lacus@ametmassaQuisque.com|http://www.klmprjqgcl.zom|91 597 84 46|697 058 381|92 645 08 06
69|5|21|mattis. Integer eu lacus. Quisque imperdiet,|Donec tincidunt. Donec vitae erat vel pede|eget tincidunt dui augue eu tellus. Phasellus elit pede,|Donec vitae erat vel pede blandit congue. In scelerisque scelerisque dui. Suspendisse ac metus vitae velit egestas lacinia. Sed congue, elit sed consequat auctor, nunc nulla vulputate dui, nec tempus mauris|P.O. Box 879, 7508 A, St.|Cocos (Keeling) Islands|Limburg|Ada|8993GH|Ut@Morbi.com|http://www.hstkzqdegx.yom|97 042 37 22|601 105 437|91 474 64 20
70|4|31|enim. Etiam imperdiet dictum magna. Ut|ut cursus luctus, ipsum leo|varius ultrices, mauris ipsum porta elit, a feugiat|Duis risus odio, auctor vitae, aliquet nec, imperdiet nec, leo. Morbi neque tellus, imperdiet non, vestibulum nec, euismod in, dolor. Fusce feugiat. Lorem ipsum dolor|Ap #465-8384 Sed Rd.|Slovakia|Dyfed|Milford|0444HR|eu@ultriciesligulaNullam.edu|http://www.zningtjbhk.yom|93 812 58 86|618 052 322|97 089 03 35
71|6|1|pede nec ante blandit viverra. Donec tempus, lorem fringilla ornare|auctor non, feugiat nec, diam. Duis mi|Nullam vitae diam. Proin dolor. Nulla semper tellus|Suspendisse ac metus vitae velit egestas lacinia. Sed congue, elit sed consequat auctor, nunc nulla vulputate dui, nec tempus mauris erat eget ipsum. Suspendisse sagittis. Nullam vitae|Ap #822-4190 Libero Ave|Portugal|Co. Leitrim|Albany|JX1 9ZB|Vivamus.euismod@ipsumprimis.edu|http://www.ozchoxrgoe.pom|94 006 66 62|619 239 135|95 786 28 75
72|3|21|amet nulla. Donec non justo. Proin|facilisis non, bibendum sed, est. Nunc|pede nec ante blandit viverra.|amet lorem semper auctor. Mauris vel turpis. Aliquam adipiscing lobortis risus. In mi pede, nonummy ut, molestie in, tempus eu, ligula. Aenean euismod mauris eu elit. Nulla facilisi. Sed neque. Sed eget lacus. Mauris non dui nec urna suscipit nonummy. Fusce fermentum fermentum arcu. Vestibulum ante ipsum primis in faucibus orci luctus et|8763 Torquent St.|Italy|Gld.|Jacksonville|S1V 3J5|imperdiet.nec@commodoatlibero.edu|http://www.kjirndozdk.qom|94 241 67 68|682 865 210|91 993 32 69
73|8|4|metus facilisis lorem tristique aliquet. Phasellus fermentum convallis|dapibus gravida. Aliquam tincidunt, nunc ac mattis ornare, lectus ante|sed, est. Nunc laoreet lectus quis massa.|magna. Lorem ipsum dolor sit amet, consectetuer adipiscing elit. Etiam laoreet, libero et tristique pellentesque, tellus sem mollis dui, in sodales elit|Ap #290-5689 Nulla. Ave|Iraq|NT|West Sacramento|2740OY|amet.risus.Donec@mauriselitdictum.ca|http://www.zzotothzgs.bom|93 323 13 32|685 026 614|91 060 05 67
74|1|4|vulputate ullamcorper magna. Sed eu|mi fringilla mi lacinia mattis. Integer eu lacus.|nec ante. Maecenas mi felis,|sed, est. Nunc laoreet lectus quis massa. Mauris vestibulum, neque sed dictum eleifend, nunc risus varius orci, in consequat enim diam vel|6226 Amet Street|Moldova|U.|Broken Arrow|1309NL|venenatis@elementum.ca|http://www.azfhgbxvrc.nom|95 876 01 78|669 268 718|94 271 26 45
75|10|4|erat nonummy ultricies ornare, elit elit fermentum|mus. Proin vel nisl. Quisque|orci. Ut semper pretium neque. Morbi|eu erat semper rutrum. Fusce dolor quam, elementum at, egestas a, scelerisque sed, sapien. Nunc pulvinar arcu et pede. Nunc sed orci lobortis augue scelerisque mollis. Phasellus libero mauris, aliquam eu, accumsan sed, facilisis vitae, orci. Phasellus dapibus quam quis diam. Pellentesque habitant morbi tristique senectus|P.O. Box 182, 3826 Lacinia Rd.|Slovakia|Tennessee|Kona|D4P 2X0|tincidunt.vehicula.risus@elitNulla.org|http://www.ygclleugel.tom|90 837 62 27|623 184 084|90 468 38 97
76|3|4|Curabitur egestas nunc sed libero. Proin sed turpis|lacus. Ut nec urna et arcu|Nunc mauris. Morbi non sapien molestie|eu tellus. Phasellus elit pede, malesuada vel, venenatis vel, faucibus id, libero. Donec consectetuer mauris id sapien. Cras dolor dolor, tempus non, lacinia at, iaculis quis, pede. Praesent eu dui. Cum sociis natoque penatibus et magnis dis parturient montes, nascetur ridiculus mus. Aenean eget magna. Suspendisse tristique neque venenatis lacus. Etiam bibendum fermentum metus. Aenean sed pede nec ante blandit viverra. Donec tempus, lorem fringilla ornare placerat, orci lacus vestibulum lorem, sit amet ultricies sem magna nec quam. Curabitur vel lectus. Cum sociis natoque penatibus et magnis dis parturient|2740 Arcu Rd.|Eritrea|KEN|Grass Valley|6024JI|dapibus@egetmetus.edu|http://www.wxwxmtesyv.fom|90 959 41 26|649 774 004|90 552 44 03
77|9|1|magna tellus faucibus leo, in lobortis tellus justo|montes, nascetur ridiculus mus. Proin vel arcu eu odio|Etiam laoreet, libero et tristique pellentesque, tellus sem mollis|ac libero nec ligula consectetuer rhoncus. Nullam velit dui, semper et, lacinia vitae, sodales at, velit. Pellentesque ultricies dignissim lacus. Aliquam rutrum lorem ac risus. Morbi metus. Vivamus euismod urna. Nullam lobortis quam a|123-4394 Donec Ave|United Arab Emirates|Limburg|Juneau|WP0 7LP|nonummy@Nullamutnisi.edu|http://www.fktzxukvuo.mom|92 811 03 65|614 111 675|98 658 80 68
78|9|4|Morbi quis urna. Nunc quis arcu|vulputate velit eu sem. Pellentesque|a sollicitudin orci sem eget massa.|molestie orci tincidunt adipiscing. Mauris molestie pharetra nibh. Aliquam ornare, libero at auctor ullamcorper, nisl arcu iaculis enim, sit amet ornare lectus justo eu arcu. Morbi sit amet massa. Quisque porttitor eros nec tellus. Nunc lectus pede, ultrices a, auctor non, feugiat nec, diam. Duis mi enim, condimentum eget, volutpat ornare, facilisis eget, ipsum. Donec sollicitudin adipiscing ligula. Aenean gravida nunc sed pede. Cum sociis natoque penatibus|Ap #271-3390 Ante. Ave|Serbia and Montenegro|Z.-H.|Vicksburg|9418VL|elit.Curabitur@arcu.com|http://www.xazqrezmvm.mom|96 610 66 94|698 916 752|97 892 79 13
79|6|4|nibh. Quisque nonummy ipsum non arcu. Vivamus|tellus lorem eu metus. In lorem.|Integer vulputate, risus a ultricies adipiscing, enim mi|parturient montes, nascetur ridiculus mus. Donec dignissim magna a tortor. Nunc commodo auctor velit. Aliquam nisl. Nulla eu neque pellentesque massa lobortis ultrices. Vivamus rhoncus. Donec est. Nunc ullamcorper, velit in aliquet lobortis, nisi nibh lacinia orci, consectetuer euismod est arcu ac orci. Ut semper pretium neque. Morbi quis urna. Nunc quis|847-5892 Et, St.|Djibouti|Colorado|Marshall|M48 0WF|Donec@arcu.ca|http://www.nkwqssfykt.jom|97 023 10 94|653 944 866|99 639 27 78
80|5|21|diam vel arcu. Curabitur ut|ut ipsum ac mi eleifend egestas. Sed pharetra, felis eget|sociis natoque penatibus et magnis dis parturient montes, nascetur|Integer aliquam adipiscing lacus. Ut nec urna et arcu imperdiet ullamcorper. Duis at lacus. Quisque purus sapien, gravida non, sollicitudin a, malesuada id, erat. Etiam vestibulum massa rutrum magna. Cras convallis convallis dolor. Quisque tincidunt pede ac urna. Ut tincidunt vehicula risus. Nulla eget metus eu erat semper rutrum. Fusce dolor quam, elementum at, egestas a, scelerisque sed, sapien. Nunc pulvinar arcu et pede. Nunc sed orci lobortis augue scelerisque mollis. Phasellus libero mauris, aliquam eu, accumsan sed, facilisis vitae, orci. Phasellus dapibus quam quis diam. Pellentesque habitant morbi tristique|P.O. Box 964, 5043 Semper St.|Martinique|Z.-H.|Sierra Madre|P8 3CJ|penatibus.et@Mauris.com|http://www.wehxfhwswf.fom|98 044 56 73|672 966 000|95 238 05 09
81|8|4|vitae sodales nisi magna sed dui. Fusce aliquam, enim nec|libero mauris, aliquam eu, accumsan sed,|interdum enim non nisi. Aenean eget metus. In|Aliquam ultrices iaculis odio. Nam interdum enim non nisi. Aenean eget metus. In nec orci. Donec nibh. Quisque|Ap #302-9504 Sit Rd.|Madagascar|Flevoland|Mission Viejo|1348UI|accumsan.sed@necimperdiet.edu|http://www.mbqbuwaiix.nom|94 866 31 25|663 901 745|98 759 25 63
82|4|21|nibh lacinia orci, consectetuer euismod est arcu|pellentesque eget, dictum placerat, augue. Sed molestie. Sed id risus|Morbi vehicula. Pellentesque tincidunt tempus risus.|Morbi accumsan laoreet ipsum. Curabitur consequat, lectus sit amet luctus vulputate, nisi sem semper erat, in consectetuer ipsum|P.O. Box 194, 9883 Erat, Road|Nepal|NH|Parma|G2M 6R8|semper.dui@sed.ca|http://www.dlromuncfm.vom|98 299 88 63|699 545 129|96 244 49 19
83|4|4|vitae sodales nisi magna sed dui. Fusce aliquam,|lacus. Ut nec urna et|dapibus gravida. Aliquam tincidunt, nunc ac|sagittis. Duis gravida. Praesent eu nulla at sem molestie sodales. Mauris blandit enim consequat purus. Maecenas libero est, congue a, aliquet vel, vulputate eu, odio. Phasellus at augue id ante dictum cursus.|5848 Accumsan St.|Ireland|WI|St. Marys|2332SH|odio.Phasellus.at@Etiamlaoreet.com|http://www.hapfcounmh.nom|98 363 34 27|665 008 735|99 733 94 92
84|5|1|pulvinar arcu et pede. Nunc sed orci lobortis augue scelerisque|Morbi non sapien molestie orci|ac turpis egestas. Aliquam fringilla cursus purus. Nullam|tempor diam dictum sapien. Aenean massa. Integer vitae nibh. Donec est mauris, rhoncus id, mollis nec, cursus a, enim. Suspendisse aliquet, sem ut cursus luctus, ipsum leo elementum sem, vitae aliquam eros turpis non enim. Mauris quis turpis vitae purus gravida sagittis. Duis gravida. Praesent eu nulla at sem molestie sodales. Mauris blandit enim consequat purus. Maecenas libero est, congue a, aliquet vel, vulputate eu, odio. Phasellus at|Ap #542-7265 Vitae, Avenue|Dominica|U.|Sanford|2957NN|non.dapibus.rutrum@justoeuarcu.com|http://www.llqkaddgey.pom|90 514 15 20|684 031 589|90 624 16 15
85|7|4|mattis velit justo nec ante. Maecenas mi felis, adipiscing|nascetur ridiculus mus. Aenean eget magna. Suspendisse|Cras sed leo. Cras vehicula aliquet libero.|magna. Suspendisse tristique neque venenatis lacus. Etiam bibendum fermentum metus. Aenean sed pede nec ante blandit viverra. Donec tempus, lorem fringilla ornare placerat, orci lacus vestibulum lorem,|P.O. Box 167, 3601 Non Street|Andorra|West Virginia|Titusville|P5R 3U3|sem@mus.org|http://www.gilnnnwoag.yom|97 123 02 25|638 001 843|90 406 63 02
86|9|4|Cras sed leo. Cras vehicula|tristique pharetra. Quisque ac libero nec ligula consectetuer|rhoncus. Nullam velit dui, semper et, lacinia|sed libero. Proin sed turpis nec mauris blandit mattis. Cras eget nisi dictum augue malesuada malesuada. Integer id magna et ipsum cursus vestibulum. Mauris magna. Duis dignissim tempor arcu. Vestibulum ut eros non enim commodo hendrerit. Donec porttitor tellus non magna. Nam ligula elit, pretium et, rutrum non, hendrerit id, ante. Nunc mauris|9910 Tincidunt Rd.|Belarus|IN|White Plains|Q66 8NF|ut.dolor.dapibus@sapienmolestieorci.com|http://www.dtvwipwkss.pom|98 643 94 32|609 868 387|92 605 78 36
87|1|31|nunc sed libero. Proin sed turpis nec|ipsum. Phasellus vitae mauris sit amet lorem semper auctor.|Sed eu nibh vulputate mauris|nunc sed libero. Proin sed turpis nec mauris blandit mattis. Cras eget nisi dictum augue malesuada malesuada. Integer id magna et ipsum cursus vestibulum. Mauris magna. Duis dignissim tempor arcu. Vestibulum ut eros non enim commodo hendrerit. Donec porttitor tellus non magna. Nam ligula elit, pretium et, rutrum non, hendrerit id, ante. Nunc mauris sapien, cursus in, hendrerit consectetuer, cursus et, magna. Praesent interdum ligula eu enim. Etiam imperdiet dictum magna. Ut tincidunt orci quis lectus. Nullam suscipit, est ac facilisis facilisis, magna tellus faucibus leo, in|P.O. Box 275, 268 Integer Av.|Austria|SK|Sault Ste. Marie|64674|eget@justo.com|http://www.sdzpyauybz.wom|97 903 76 45|674 120 961|92 846 66 62
88|6|31|parturient montes, nascetur ridiculus mus.|aliquet nec, imperdiet nec, leo. Morbi neque tellus, imperdiet|Fusce mi lorem, vehicula et, rutrum eu,|in magna. Phasellus dolor elit, pellentesque a, facilisis non, bibendum sed, est. Nunc laoreet lectus quis massa. Mauris vestibulum, neque sed dictum eleifend, nunc risus varius orci, in consequat enim diam vel arcu. Curabitur ut odio vel est tempor bibendum. Donec felis orci, adipiscing non, luctus sit amet, faucibus ut, nulla. Cras eu tellus eu augue porttitor interdum. Sed auctor odio a purus. Duis elementum, dui quis accumsan convallis, ante lectus convallis est, vitae sodales nisi magna sed dui. Fusce aliquam, enim nec tempus scelerisque, lorem ipsum sodales purus, in molestie tortor nibh sit|P.O. Box 389, 1628 Egestas. Rd.|Senegal|Nottinghamshire|Lebanon|C7J 7J3|Quisque@dictumaugue.org|http://www.hakybtcwnk.wom|93 653 00 81|620 866 208|93 349 64 36
89|5|1|velit. Pellentesque ultricies dignissim lacus. Aliquam rutrum lorem ac|vitae dolor. Donec fringilla. Donec feugiat metus sit|purus, accumsan interdum libero dui nec|ridiculus mus. Aenean eget magna. Suspendisse tristique neque venenatis lacus. Etiam bibendum fermentum metus. Aenean sed pede nec ante blandit viverra. Donec tempus, lorem fringilla ornare placerat, orci lacus vestibulum lorem, sit amet ultricies sem magna nec quam. Curabitur vel lectus. Cum sociis natoque penatibus et magnis dis parturient montes, nascetur ridiculus mus. Donec dignissim magna a tortor. Nunc commodo auctor velit. Aliquam nisl. Nulla eu neque pellentesque massa lobortis ultrices. Vivamus rhoncus. Donec est. Nunc ullamcorper,|Ap #356-9627 Proin Av.|Venezuela|Michigan|Eugene|S7H 2VZ|dui.quis@ac.com|http://www.wlwredqdlm.som|93 522 92 53|682 014 910|93 278 11 77
90|3|31|vitae sodales nisi magna sed dui. Fusce|Duis volutpat nunc sit amet metus.|sem magna nec quam. Curabitur vel|nunc risus varius orci, in consequat enim diam vel arcu. Curabitur ut odio vel est tempor bibendum. Donec felis orci, adipiscing non, luctus sit amet, faucibus ut, nulla. Cras eu tellus eu augue porttitor interdum. Sed auctor odio a purus. Duis elementum, dui quis accumsan convallis, ante lectus|Ap #480-7871 Curabitur Road|Mauritania|SK|Sierra Vista|0703QL|neque.et.nunc@auctor.org|http://www.tkmecxyrov.kom|96 627 83 59|665 769 317|92 478 11 33
91|2|4|nunc sit amet metus. Aliquam erat|mauris, rhoncus id, mollis nec, cursus a, enim. Suspendisse aliquet,|luctus felis purus ac tellus. Suspendisse|ut odio vel est tempor bibendum. Donec felis orci, adipiscing non, luctus sit amet, faucibus ut, nulla. Cras eu tellus eu augue porttitor interdum. Sed auctor odio a purus. Duis elementum, dui quis accumsan convallis, ante lectus convallis est, vitae sodales nisi magna sed dui. Fusce aliquam, enim nec tempus scelerisque, lorem ipsum sodales purus, in molestie tortor nibh sit amet orci. Ut sagittis lobortis mauris. Suspendisse aliquet molestie tellus. Aenean egestas hendrerit neque. In ornare sagittis felis. Donec tempor, est ac|8256 Mollis Ave|Nepal|Arizona|Niagara Falls|88110|accumsan.convallis@lectusjustoeu.org|http://www.fukrbbmwry.hom|90 067 26 68|645 637 831|92 348 52 22
92|3|21|sagittis. Duis gravida. Praesent eu nulla at sem molestie|neque venenatis lacus. Etiam bibendum|fames ac turpis egestas. Fusce aliquet magna|eget metus eu erat semper rutrum. Fusce dolor quam, elementum at, egestas a, scelerisque sed, sapien. Nunc pulvinar arcu et pede. Nunc sed orci lobortis augue scelerisque mollis. Phasellus libero mauris, aliquam eu, accumsan sed, facilisis vitae, orci. Phasellus dapibus quam quis diam. Pellentesque habitant morbi tristique senectus et netus et malesuada fames ac turpis egestas. Fusce aliquet magna a neque. Nullam ut nisi a odio semper cursus. Integer mollis. Integer|Ap #535-7405 Sem Av.|Bouvet Island|NT|Garden Grove|56080|risus.Nulla.eget@porttitor.com|http://www.dbnxyfkrik.com|97 135 98 73|614 885 782|97 962 06 79
93|6|21|enim, condimentum eget, volutpat ornare, facilisis eget,|ornare, elit elit fermentum risus, at|et arcu imperdiet ullamcorper. Duis at lacus.|ante blandit viverra. Donec tempus, lorem fringilla ornare placerat, orci lacus vestibulum lorem, sit amet ultricies sem magna nec quam. Curabitur vel lectus. Cum sociis natoque penatibus et magnis dis parturient montes, nascetur ridiculus mus. Donec dignissim magna a tortor. Nunc commodo auctor velit. Aliquam nisl. Nulla eu neque pellentesque massa lobortis ultrices. Vivamus rhoncus. Donec est. Nunc ullamcorper, velit in aliquet lobortis, nisi nibh lacinia orci, consectetuer euismod est arcu ac orci. Ut semper pretium neque. Morbi quis urna. Nunc quis arcu vel quam dignissim pharetra. Nam ac nulla. In tincidunt congue turpis.|Ap #375-2237 Tempor Avenue|Paraguay|Gld.|Cheyenne|8644QV|nisi.sem.semper@eueleifend.ca|http://www.oxmmkurcpu.rom|98 604 34 52|684 829 516|94 783 37 87
94|1|4|Duis sit amet diam eu dolor egestas|sapien imperdiet ornare. In faucibus. Morbi|Donec egestas. Aliquam nec enim. Nunc ut erat. Sed nunc|vulputate, risus a ultricies adipiscing, enim mi tempor lorem, eget mollis lectus pede et risus. Quisque libero lacus, varius et, euismod et, commodo at, libero. Morbi accumsan laoreet ipsum. Curabitur consequat, lectus sit amet luctus vulputate, nisi sem semper erat, in consectetuer ipsum nunc id enim. Curabitur massa. Vestibulum accumsan neque et nunc. Quisque ornare tortor at risus. Nunc ac sem ut dolor dapibus gravida. Aliquam tincidunt, nunc ac mattis ornare, lectus ante dictum mi, ac mattis velit justo nec ante. Maecenas mi felis, adipiscing fringilla, porttitor vulputate, posuere vulputate, lacus. Cras interdum.|216-4493 Placerat. Street|Czech Republic|Limburg|Ansonia|UL5 9BA|pellentesque@elementum.com|http://www.fzxliawopf.com|90 072 31 29|680 449 441|97 610 81 93
95|5|21|Fusce dolor quam, elementum at, egestas|est. Mauris eu turpis. Nulla aliquet. Proin velit.|ante. Nunc mauris sapien, cursus|neque non quam. Pellentesque habitant morbi tristique senectus et netus et malesuada fames ac turpis egestas. Aliquam fringilla cursus purus. Nullam scelerisque neque sed sem egestas blandit. Nam nulla magna, malesuada vel, convallis in, cursus et, eros. Proin ultrices. Duis volutpat nunc sit amet metus. Aliquam erat volutpat. Nulla facilisis. Suspendisse|P.O. Box 115, 7546 Etiam Av.|Trinidad and Tobago|Zld.|Downey|3368GU|Etiam.laoreet.libero@aliquam.com|http://www.qwelxefufj.dom|91 982 22 56|658 917 195|99 153 74 42
96|4|31|aliquet vel, vulputate eu, odio. Phasellus at|luctus aliquet odio. Etiam ligula tortor, dictum eu, placerat eget,|arcu et pede. Nunc sed orci|ultrices iaculis odio. Nam interdum enim non nisi. Aenean eget metus. In nec orci. Donec nibh. Quisque nonummy ipsum non arcu. Vivamus sit amet risus. Donec egestas. Aliquam nec enim. Nunc ut erat. Sed nunc est, mollis non, cursus non, egestas a, dui. Cras pellentesque. Sed dictum. Proin eget odio. Aliquam vulputate ullamcorper magna. Sed eu eros. Nam consequat dolor vitae dolor. Donec fringilla. Donec feugiat metus sit amet ante. Vivamus non lorem vitae odio sagittis|831-6228 Auctor Avenue|South Georgia and The South Sandwich Islands|NU|Moreno Valley|05041|justo.Proin@Sed.ca|http://www.czzkzhfpcx.fom|90 389 25 98|658 908 323|99 358 45 88
97|6|1|gravida sagittis. Duis gravida. Praesent|nunc, ullamcorper eu, euismod ac, fermentum|Pellentesque tincidunt tempus risus. Donec egestas.|purus. Maecenas libero est, congue a, aliquet vel, vulputate eu, odio. Phasellus at augue id ante dictum cursus. Nunc mauris elit, dictum eu, eleifend nec, malesuada ut, sem. Nulla interdum. Curabitur dictum. Phasellus|Ap #292-4342 Luctus Rd.|French Polynesia|NL|San Juan Capistrano|3429OI|Lorem@nisl.edu|http://www.oohchnnpnx.bom|93 665 37 39|617 446 077|97 018 67 17
98|0|31|bibendum ullamcorper. Duis cursus, diam at|cursus a, enim. Suspendisse aliquet,|ligula. Nullam enim. Sed nulla ante, iaculis nec,|sit amet ornare lectus justo eu arcu. Morbi sit amet massa. Quisque porttitor eros nec tellus. Nunc lectus pede, ultrices a, auctor non, feugiat nec, diam. Duis mi enim, condimentum eget, volutpat ornare, facilisis eget, ipsum. Donec sollicitudin adipiscing ligula. Aenean gravida nunc sed pede. Cum sociis natoque penatibus et magnis dis parturient montes, nascetur ridiculus mus. Proin vel arcu eu odio tristique pharetra. Quisque ac libero nec ligula consectetuer rhoncus. Nullam velit dui, semper et, lacinia vitae, sodales at, velit.|P.O. Box 577, 1682 Nibh. St.|China|Zeeland|Vincennes|R4U 7Z0|ante@Vestibulum.org|http://www.zfudgihlqx.com|96 443 89 31|699 476 489|95 082 90 01
99|3|4|vitae erat vel pede blandit congue. In|adipiscing ligula. Aenean gravida nunc|diam at pretium aliquet, metus urna convallis erat, eget|faucibus orci luctus et ultrices posuere cubilia Curae; Phasellus ornare. Fusce mollis. Duis sit amet diam eu dolor egestas rhoncus. Proin nisl sem, consequat nec, mollis vitae, posuere at, velit. Cras lorem lorem, luctus ut, pellentesque eget, dictum placerat, augue. Sed molestie. Sed id risus quis diam luctus lobortis. Class aptent taciti sociosqu ad litora torquent per conubia nostra, per inceptos hymenaeos. Mauris ut quam vel sapien imperdiet ornare. In faucibus. Morbi vehicula. Pellentesque tincidunt tempus risus. Donec egestas. Duis ac arcu. Nunc mauris.|P.O. Box 368, 8102 Posuere, Ave|Cambodia|IN|Oswego|75809|venenatis@pretiumaliquetmetus.org|http://www.olvodzwydc.gom|90 098 82 55|673 222 215|90 116 65 42
100|7|4|nec ante blandit viverra. Donec|augue ac ipsum. Phasellus vitae mauris sit amet|Vestibulum ut eros non enim commodo hendrerit. Donec porttitor tellus|Etiam laoreet, libero et tristique pellentesque, tellus sem mollis dui, in sodales elit erat vitae risus. Duis a mi fringilla mi lacinia mattis. Integer eu lacus. Quisque imperdiet,|P.O. Box 982, 5408 Nullam St.|Portugal|Noord Brabant|Culver City|U2G 5O3|non@dolorquam.org|http://www.svbtvahojb.pom|99 179 20 19|609 124 656|97 164 85 45

