id|id_campanya|id_posiblecli|id_cliente|id_presupuesto|id_proyecto|dstart|dstop|nombre|lugar|id_tipoevento|id_estado|descripcion|notify_dstart|notify_dstop
1|2|9|1|3|6|2013-06-13 09:50:39|2013-06-13 11:50:39|blandit congue. In scelerisque scelerisque dui. Suspendisse|604-4079 Mattis. Av.|2|2|commodo tincidunt nibh. Phasellus nulla. Integer vulputate, risus a ultricies adipiscing, enim mi tempor lorem, eget mollis lectus pede et risus. Quisque libero lacus, varius et, euismod et, commodo at, libero. Morbi accumsan laoreet ipsum. Curabitur consequat, lectus sit amet luctus vulputate, nisi sem semper erat, in consectetuer ipsum nunc id enim. Curabitur massa. Vestibulum accumsan neque et nunc. Quisque ornare tortor at risus. Nunc ac sem ut dolor dapibus gravida. Aliquam tincidunt, nunc ac mattis ornare, lectus ante dictum mi, ac mattis velit justo nec ante. Maecenas mi felis,|1|1
2|3|7|3|10|5|2012-03-31 04:31:59|2012-03-31 06:31:59|tortor nibh sit amet orci. Ut sagittis|607-2514 Lorem Ave|4|9|Duis dignissim tempor arcu. Vestibulum ut eros non enim commodo hendrerit. Donec porttitor tellus non magna. Nam ligula elit, pretium|1|1
3|10|10|5|8|3|2013-04-02 23:49:36|2013-04-03 01:49:36|augue id ante dictum cursus.|P.O. Box 500, 8525 Nisi. Street|6|8|lectus sit amet luctus vulputate, nisi sem semper erat, in consectetuer ipsum nunc id enim. Curabitur massa. Vestibulum accumsan neque et nunc. Quisque ornare tortor at risus. Nunc ac sem ut dolor dapibus gravida. Aliquam tincidunt, nunc ac mattis ornare, lectus ante dictum mi, ac mattis velit justo nec ante. Maecenas mi felis, adipiscing|1|1
4|4|1|8|1|4|2013-10-05 07:46:41|2013-10-05 09:46:41|consectetuer rhoncus. Nullam velit dui, semper et,|482-3619 Aliquam St.|2|4|dignissim pharetra. Nam ac nulla. In tincidunt congue turpis. In condimentum. Donec at arcu. Vestibulum ante ipsum primis in faucibus orci luctus et ultrices posuere cubilia Curae; Donec tincidunt. Donec vitae erat vel pede|1|1
5|9|3|1|1|4|2013-05-25 16:07:15|2013-05-25 18:07:15|nec, leo. Morbi neque tellus, imperdiet non, vestibulum|962-9064 Convallis Street|4|4|Phasellus ornare. Fusce mollis. Duis sit amet diam eu dolor egestas rhoncus.|1|1
6|6|9|3|8|3|2013-04-20 22:30:11|2013-04-21 00:30:11|lorem vitae odio sagittis semper. Nam tempor diam dictum|281-2937 Scelerisque, St.|10|0|malesuada fames ac turpis egestas. Fusce aliquet magna a neque. Nullam ut nisi a odio semper cursus. Integer mollis. Integer tincidunt aliquam arcu. Aliquam ultrices iaculis odio. Nam interdum enim non nisi. Aenean eget metus. In nec orci. Donec nibh. Quisque nonummy ipsum non arcu. Vivamus sit amet risus. Donec egestas. Aliquam nec enim. Nunc ut erat. Sed nunc est, mollis non, cursus non, egestas a,|1|1
7|6|1|0|9|6|2012-06-19 09:06:57|2012-06-19 11:06:57|odio. Etiam ligula tortor, dictum|2927 Mollis. Road|9|2|et magnis dis parturient montes, nascetur ridiculus mus. Aenean eget magna. Suspendisse tristique neque venenatis lacus. Etiam bibendum fermentum metus. Aenean sed pede nec ante blandit viverra. Donec tempus, lorem fringilla ornare placerat, orci lacus vestibulum lorem, sit amet ultricies sem magna nec quam. Curabitur vel lectus. Cum sociis natoque penatibus et magnis dis parturient montes, nascetur ridiculus mus. Donec dignissim magna a tortor. Nunc commodo auctor velit. Aliquam nisl. Nulla eu neque pellentesque massa lobortis ultrices. Vivamus rhoncus. Donec est. Nunc ullamcorper, velit in aliquet lobortis, nisi nibh lacinia|1|1
8|10|3|8|4|5|2012-08-06 00:41:32|2012-08-06 02:41:32|id sapien. Cras dolor dolor, tempus|Ap #432-2392 Auctor, St.|9|4|et nunc. Quisque ornare tortor at risus. Nunc ac sem ut dolor dapibus gravida. Aliquam tincidunt, nunc ac mattis ornare, lectus ante dictum mi, ac mattis velit justo nec ante. Maecenas mi felis, adipiscing fringilla, porttitor vulputate, posuere vulputate, lacus. Cras interdum. Nunc sollicitudin commodo ipsum. Suspendisse non leo. Vivamus nibh dolor, nonummy ac, feugiat non, lobortis quis, pede. Suspendisse dui. Fusce diam nunc, ullamcorper eu, euismod ac, fermentum vel, mauris. Integer sem elit, pharetra ut, pharetra sed, hendrerit a, arcu. Sed et libero. Proin mi.|1|1
9|6|4|5|6|9|2014-01-17 23:39:19|2014-01-18 01:39:19|nunc. Quisque ornare tortor at risus.|3866 Donec Rd.|1|4|Duis elementum, dui quis accumsan convallis, ante lectus convallis est, vitae sodales nisi magna sed dui. Fusce aliquam, enim nec tempus scelerisque, lorem ipsum sodales purus, in molestie tortor nibh sit amet orci. Ut sagittis lobortis mauris. Suspendisse aliquet molestie tellus.|1|1
10|10|4|4|7|6|2012-09-02 04:48:33|2012-09-02 06:48:33|scelerisque mollis. Phasellus libero mauris,|683-8678 Mauris Avenue|9|3|ornare, facilisis eget, ipsum. Donec sollicitudin adipiscing ligula. Aenean gravida nunc sed pede. Cum sociis natoque penatibus et magnis dis parturient montes, nascetur ridiculus mus. Proin vel arcu eu odio tristique pharetra. Quisque ac libero nec ligula consectetuer rhoncus. Nullam velit dui, semper et, lacinia vitae, sodales at, velit. Pellentesque|1|1
11|1|1|10|9|7|2013-10-18 05:31:31|2013-10-18 07:31:31|Curae; Phasellus ornare. Fusce mollis. Duis sit amet diam|Ap #349-4777 Elit Street|3|2|nulla. In tincidunt congue turpis. In condimentum. Donec at arcu. Vestibulum ante ipsum primis in faucibus orci luctus et ultrices posuere cubilia Curae; Donec tincidunt. Donec vitae erat vel pede blandit congue. In scelerisque scelerisque dui. Suspendisse ac metus vitae velit egestas lacinia. Sed congue, elit sed consequat auctor, nunc nulla vulputate dui, nec tempus mauris erat eget ipsum. Suspendisse sagittis. Nullam vitae diam. Proin dolor. Nulla semper tellus id nunc interdum feugiat. Sed nec metus facilisis lorem tristique aliquet. Phasellus fermentum convallis ligula. Donec luctus aliquet odio. Etiam ligula tortor,|1|1
12|9|10|3|8|4|2012-03-26 05:35:40|2012-03-26 07:35:40|tellus faucibus leo, in lobortis tellus justo sit amet nulla.|P.O. Box 632, 1343 Nostra, Street|1|8|Sed eu eros. Nam consequat dolor vitae dolor. Donec fringilla. Donec feugiat metus sit amet ante. Vivamus non lorem vitae odio sagittis semper. Nam tempor diam dictum sapien. Aenean massa. Integer vitae|1|1
13|9|9|7|1|4|2013-06-01 12:00:38|2013-06-01 14:00:38|metus urna convallis erat, eget|Ap #572-1145 Nunc St.|10|3|taciti sociosqu ad litora torquent per conubia nostra, per inceptos hymenaeos. Mauris ut quam|1|1
14|2|7|7|5|8|2013-10-15 15:55:06|2013-10-15 17:55:06|in lobortis tellus justo sit amet|142 Lorem, St.|7|8|sit amet, faucibus ut, nulla. Cras eu tellus eu augue porttitor interdum. Sed auctor odio a purus. Duis elementum, dui quis accumsan convallis, ante lectus convallis est, vitae sodales nisi magna sed dui. Fusce aliquam, enim nec tempus scelerisque, lorem ipsum sodales purus, in molestie tortor nibh sit amet orci. Ut sagittis lobortis mauris. Suspendisse aliquet molestie tellus. Aenean egestas hendrerit neque. In ornare sagittis felis. Donec tempor, est ac mattis semper, dui lectus rutrum urna, nec luctus felis purus ac tellus. Suspendisse sed dolor. Fusce mi lorem, vehicula et, rutrum eu, ultrices|1|1
15|9|5|7|7|7|2012-07-18 20:30:56|2012-07-18 22:30:56|Phasellus at augue id ante dictum|Ap #884-4395 Felis St.|7|3|Proin vel arcu eu odio tristique pharetra. Quisque ac libero nec ligula consectetuer rhoncus. Nullam velit dui, semper et, lacinia vitae, sodales at, velit. Pellentesque ultricies dignissim lacus. Aliquam rutrum lorem ac risus. Morbi metus. Vivamus euismod urna. Nullam lobortis quam a felis ullamcorper viverra. Maecenas iaculis aliquet diam. Sed diam lorem, auctor quis, tristique ac, eleifend vitae, erat. Vivamus nisi. Mauris nulla. Integer urna. Vivamus molestie|1|1
16|1|3|7|10|3|2013-09-28 00:52:22|2013-09-28 02:52:22|consectetuer adipiscing elit. Aliquam auctor, velit eget laoreet|4457 Sed Road|9|10|vel arcu eu odio tristique pharetra. Quisque ac libero nec ligula consectetuer rhoncus. Nullam velit dui, semper et, lacinia vitae, sodales at, velit. Pellentesque ultricies dignissim lacus. Aliquam rutrum lorem ac risus. Morbi metus. Vivamus euismod urna. Nullam lobortis|1|1
17|0|9|1|9|0|2012-11-01 08:31:13|2012-11-01 10:31:13|tempus mauris erat eget ipsum. Suspendisse sagittis. Nullam vitae|P.O. Box 162, 6813 Tempor Street|0|1|Proin vel arcu eu odio tristique pharetra. Quisque ac libero nec ligula consectetuer rhoncus. Nullam velit dui, semper et, lacinia vitae, sodales at, velit. Pellentesque ultricies dignissim lacus. Aliquam rutrum lorem ac risus. Morbi metus. Vivamus euismod urna. Nullam lobortis quam a felis ullamcorper viverra. Maecenas iaculis aliquet diam. Sed diam lorem, auctor quis, tristique ac, eleifend vitae, erat. Vivamus nisi. Mauris nulla. Integer urna. Vivamus molestie dapibus ligula. Aliquam erat volutpat. Nulla dignissim. Maecenas ornare egestas ligula. Nullam feugiat placerat|1|1
18|7|4|8|7|8|2013-01-21 21:20:33|2013-01-21 23:20:33|Aliquam ultrices iaculis odio. Nam interdum enim non nisi.|971-2913 Vel, Rd.|4|0|nibh vulputate mauris sagittis placerat. Cras dictum ultricies ligula. Nullam enim. Sed nulla ante, iaculis nec, eleifend non, dapibus rutrum, justo.|1|1
19|2|7|6|6|8|2013-12-15 00:50:34|2013-12-15 02:50:34|eu dolor egestas rhoncus. Proin nisl sem, consequat|P.O. Box 228, 7072 Dui, Av.|8|9|sed turpis nec mauris blandit mattis. Cras eget nisi dictum augue malesuada malesuada. Integer id magna et ipsum cursus vestibulum. Mauris magna. Duis dignissim|1|1
20|2|5|6|9|10|2013-06-03 18:31:35|2013-06-03 20:31:35|aliquam eros turpis non enim. Mauris quis turpis|887-4912 Quisque Rd.|4|1|sem elit, pharetra ut, pharetra sed, hendrerit a, arcu. Sed et libero. Proin mi. Aliquam gravida mauris ut mi. Duis risus odio, auctor vitae,|1|1
21|6|9|7|4|10|2012-12-13 16:32:17|2012-12-13 18:32:17|dictum sapien. Aenean massa. Integer vitae nibh. Donec est|351-1101 Turpis. Rd.|2|5|magna. Lorem ipsum dolor sit amet, consectetuer adipiscing elit. Etiam laoreet, libero et tristique pellentesque, tellus sem mollis dui, in sodales elit erat vitae risus. Duis a mi fringilla mi lacinia mattis. Integer eu lacus. Quisque imperdiet, erat nonummy ultricies ornare, elit elit fermentum risus, at fringilla purus mauris a nunc. In at pede. Cras vulputate velit eu sem. Pellentesque ut ipsum ac mi eleifend egestas. Sed pharetra,|1|1
22|3|5|10|10|8|2013-04-19 11:32:48|2013-04-19 13:32:48|Integer in magna. Phasellus dolor elit, pellentesque a, facilisis|Ap #260-5822 Nonummy Avenue|5|8|vitae nibh. Donec est mauris, rhoncus id, mollis nec, cursus a, enim. Suspendisse aliquet, sem ut cursus luctus, ipsum leo elementum sem, vitae aliquam eros turpis non enim. Mauris quis turpis vitae purus gravida sagittis. Duis gravida. Praesent eu nulla at sem molestie sodales. Mauris blandit enim consequat purus. Maecenas libero est, congue|1|1
23|10|3|1|6|7|2013-09-07 10:41:50|2013-09-07 12:41:50|lacinia orci, consectetuer euismod est arcu ac|733-3040 Risus. Avenue|10|0|mauris ipsum porta elit, a feugiat tellus lorem eu metus. In lorem. Donec elementum, lorem ut aliquam iaculis, lacus pede sagittis augue, eu tempor erat neque non quam. Pellentesque habitant morbi tristique senectus et netus et malesuada fames ac turpis egestas. Aliquam fringilla cursus purus. Nullam scelerisque neque sed sem egestas blandit. Nam nulla magna, malesuada vel, convallis in, cursus et, eros. Proin ultrices. Duis volutpat nunc sit amet metus. Aliquam erat volutpat. Nulla facilisis. Suspendisse commodo tincidunt nibh. Phasellus nulla. Integer vulputate, risus a|1|1
24|7|4|9|6|10|2013-09-26 07:02:17|2013-09-26 09:02:17|congue a, aliquet vel, vulputate|Ap #633-382 Tellus Av.|0|6|in felis. Nulla tempor augue ac ipsum. Phasellus vitae mauris sit amet lorem semper auctor. Mauris vel turpis. Aliquam adipiscing lobortis risus. In mi pede, nonummy ut, molestie in, tempus eu, ligula. Aenean euismod mauris eu elit. Nulla facilisi. Sed neque. Sed eget lacus. Mauris|1|1
25|6|9|10|5|2|2014-01-03 17:32:32|2014-01-03 19:32:32|eu sem. Pellentesque ut ipsum ac mi eleifend|Ap #128-6898 Vitae Ave|3|7|Sed dictum. Proin eget odio. Aliquam vulputate ullamcorper magna. Sed eu eros. Nam consequat dolor vitae dolor. Donec fringilla.|1|1
26|1|5|5|10|1|2013-08-07 17:16:11|2013-08-07 19:16:11|mauris. Integer sem elit, pharetra|451-8522 Sit Ave|4|10|pharetra nibh. Aliquam ornare, libero at auctor ullamcorper, nisl arcu iaculis enim, sit amet ornare lectus justo eu arcu. Morbi sit amet massa. Quisque porttitor eros nec tellus. Nunc lectus pede, ultrices a, auctor non, feugiat nec, diam. Duis mi enim, condimentum eget, volutpat ornare, facilisis eget, ipsum. Donec sollicitudin adipiscing ligula. Aenean gravida nunc sed pede. Cum sociis natoque penatibus et magnis dis parturient montes, nascetur ridiculus mus. Proin vel arcu eu odio tristique|1|1
27|10|3|0|6|10|2013-05-05 20:11:13|2013-05-05 22:11:13|tellus. Nunc lectus pede, ultrices|439-1456 Per Av.|5|5|dolor quam, elementum at, egestas a, scelerisque sed, sapien. Nunc pulvinar arcu et pede. Nunc sed orci lobortis augue scelerisque mollis. Phasellus libero mauris, aliquam eu, accumsan sed, facilisis vitae, orci. Phasellus dapibus quam quis diam. Pellentesque habitant morbi tristique senectus et netus et malesuada fames ac turpis egestas. Fusce aliquet magna a neque. Nullam ut nisi a odio semper cursus. Integer mollis. Integer tincidunt|1|1
28|1|4|10|9|8|2012-06-26 01:09:21|2012-06-26 03:09:21|arcu vel quam dignissim pharetra. Nam|480-8460 Vitae Street|3|3|bibendum. Donec felis orci, adipiscing non, luctus sit amet, faucibus ut, nulla. Cras eu tellus eu augue porttitor interdum. Sed auctor odio a purus. Duis elementum,|1|1
29|6|3|4|4|7|2013-03-25 09:34:20|2013-03-25 11:34:20|sagittis placerat. Cras dictum ultricies ligula. Nullam enim. Sed|P.O. Box 300, 7574 Eleifend Street|9|4|pharetra, felis eget varius ultrices, mauris ipsum porta elit, a feugiat tellus lorem eu metus. In lorem. Donec elementum, lorem ut aliquam iaculis,|1|1
30|1|10|0|5|4|2012-07-04 10:32:05|2012-07-04 12:32:05|odio tristique pharetra. Quisque ac libero nec|Ap #299-7614 Donec Av.|7|8|sagittis semper. Nam tempor diam dictum sapien. Aenean massa. Integer vitae nibh. Donec|1|1
31|10|7|9|2|9|2012-12-11 01:00:19|2012-12-11 03:00:19|vestibulum massa rutrum magna. Cras|P.O. Box 647, 7866 Luctus Rd.|0|8|a odio semper cursus. Integer mollis. Integer tincidunt aliquam arcu. Aliquam ultrices iaculis odio. Nam interdum enim non nisi. Aenean eget metus. In nec orci. Donec nibh. Quisque nonummy ipsum non arcu. Vivamus sit amet risus. Donec egestas. Aliquam nec enim. Nunc ut erat. Sed nunc est, mollis non, cursus non, egestas a, dui. Cras pellentesque. Sed dictum. Proin eget odio. Aliquam vulputate ullamcorper magna. Sed eu eros. Nam consequat dolor vitae dolor. Donec fringilla. Donec feugiat metus sit|1|1
32|5|6|10|3|1|2013-06-21 10:52:40|2013-06-21 12:52:40|Pellentesque habitant morbi tristique senectus et|P.O. Box 952, 1560 Vulputate Avenue|9|9|montes, nascetur ridiculus mus. Donec dignissim magna a tortor. Nunc commodo auctor velit. Aliquam nisl. Nulla eu neque pellentesque massa lobortis ultrices. Vivamus rhoncus. Donec est. Nunc ullamcorper, velit in aliquet lobortis, nisi nibh lacinia orci, consectetuer euismod est arcu ac orci. Ut semper pretium neque. Morbi quis urna. Nunc quis arcu vel quam dignissim pharetra. Nam ac nulla. In tincidunt congue turpis. In condimentum. Donec at arcu. Vestibulum ante ipsum primis in faucibus orci luctus et ultrices posuere cubilia Curae; Donec tincidunt. Donec vitae erat vel pede blandit|1|1
33|9|2|5|4|3|2012-10-07 14:42:42|2012-10-07 16:42:42|non enim. Mauris quis turpis|5082 Est. Avenue|1|0|Phasellus fermentum convallis ligula. Donec luctus aliquet odio. Etiam ligula tortor,|1|1
34|9|2|4|7|1|2012-05-14 05:03:27|2012-05-14 07:03:27|Aenean sed pede nec ante blandit viverra.|Ap #262-310 Lectus Street|7|10|Aliquam fringilla cursus purus. Nullam scelerisque neque sed sem egestas blandit. Nam nulla magna, malesuada vel, convallis in, cursus et, eros. Proin ultrices. Duis volutpat nunc sit amet metus. Aliquam erat volutpat. Nulla facilisis. Suspendisse commodo tincidunt nibh. Phasellus nulla. Integer vulputate, risus a ultricies adipiscing, enim mi tempor lorem, eget mollis lectus pede et risus. Quisque libero lacus, varius et, euismod et, commodo at, libero. Morbi accumsan laoreet ipsum. Curabitur consequat, lectus sit amet luctus vulputate, nisi sem semper erat, in consectetuer ipsum nunc id enim. Curabitur massa.|1|1
35|2|6|4|7|5|2013-08-15 01:07:47|2013-08-15 03:07:47|tempor augue ac ipsum. Phasellus vitae|P.O. Box 498, 4369 Lorem, Road|5|3|facilisis. Suspendisse commodo tincidunt nibh. Phasellus nulla. Integer vulputate, risus a ultricies adipiscing, enim mi tempor lorem, eget mollis lectus pede et risus. Quisque libero lacus, varius et, euismod et, commodo at, libero. Morbi accumsan laoreet ipsum. Curabitur consequat, lectus sit amet luctus vulputate, nisi sem semper erat, in consectetuer ipsum nunc id enim. Curabitur massa. Vestibulum accumsan neque et nunc. Quisque ornare tortor at risus. Nunc|1|1
36|4|7|1|7|2|2012-04-30 17:41:38|2012-04-30 19:41:38|quis arcu vel quam dignissim pharetra.|Ap #904-6712 Consectetuer St.|9|1|eu, ligula. Aenean euismod mauris eu elit. Nulla facilisi. Sed neque. Sed eget lacus. Mauris non dui nec urna suscipit nonummy. Fusce fermentum fermentum arcu. Vestibulum ante ipsum primis in faucibus orci luctus|1|1
37|5|0|4|10|2|2012-11-02 06:15:57|2012-11-02 08:15:57|velit. Pellentesque ultricies dignissim lacus. Aliquam rutrum lorem ac risus.|6946 Placerat St.|2|8|pharetra ut, pharetra sed, hendrerit a, arcu. Sed et libero. Proin mi. Aliquam gravida mauris ut mi.|1|1
38|2|1|5|2|3|2013-08-23 10:32:09|2013-08-23 12:32:09|Donec fringilla. Donec feugiat metus|358-1224 Urna. Avenue|1|0|turpis vitae purus gravida sagittis. Duis gravida. Praesent eu nulla at sem molestie sodales. Mauris blandit enim consequat purus. Maecenas libero est, congue a, aliquet vel, vulputate eu, odio. Phasellus at augue id ante dictum cursus. Nunc mauris elit, dictum eu, eleifend nec, malesuada ut, sem. Nulla interdum. Curabitur dictum. Phasellus in felis. Nulla tempor augue ac ipsum. Phasellus vitae mauris sit amet lorem semper auctor. Mauris|1|1
39|4|3|9|2|5|2013-11-01 13:01:24|2013-11-01 15:01:24|facilisis. Suspendisse commodo tincidunt nibh. Phasellus nulla. Integer vulputate, risus|7597 Laoreet, Rd.|5|8|dolor, tempus non, lacinia at, iaculis quis, pede. Praesent eu dui. Cum sociis natoque penatibus et magnis dis parturient montes, nascetur ridiculus mus. Aenean eget magna. Suspendisse tristique neque venenatis lacus. Etiam bibendum fermentum metus. Aenean sed pede nec ante blandit viverra. Donec tempus, lorem fringilla ornare placerat, orci lacus vestibulum lorem, sit amet ultricies sem magna nec quam. Curabitur vel lectus. Cum sociis natoque penatibus et magnis dis parturient montes, nascetur ridiculus mus. Donec dignissim magna a tortor. Nunc commodo auctor velit. Aliquam nisl. Nulla eu neque pellentesque massa lobortis ultrices. Vivamus rhoncus. Donec est. Nunc ullamcorper, velit in|1|1
40|0|3|3|0|2|2012-12-26 14:24:55|2012-12-26 16:24:55|Nullam lobortis quam a felis ullamcorper viverra. Maecenas|973-9181 Pharetra. Ave|9|5|mauris elit, dictum eu, eleifend nec, malesuada ut, sem. Nulla interdum. Curabitur dictum. Phasellus in felis. Nulla tempor augue ac ipsum. Phasellus vitae mauris sit amet lorem semper auctor. Mauris vel turpis. Aliquam adipiscing lobortis risus. In mi pede,|1|1
41|7|3|4|5|10|2012-11-11 06:04:37|2012-11-11 08:04:37|diam luctus lobortis. Class aptent taciti sociosqu|253-3563 Ac St.|5|2|in sodales elit erat vitae risus. Duis a mi fringilla mi lacinia mattis. Integer eu lacus. Quisque imperdiet, erat nonummy ultricies ornare, elit elit fermentum risus, at fringilla purus mauris a nunc. In at pede. Cras vulputate velit eu sem. Pellentesque ut ipsum ac mi eleifend egestas. Sed pharetra, felis eget varius ultrices, mauris ipsum porta elit, a feugiat tellus lorem eu metus. In lorem. Donec elementum, lorem ut aliquam iaculis,|1|1
42|5|7|2|2|0|2012-12-31 07:36:07|2012-12-31 09:36:07|sagittis semper. Nam tempor diam dictum|173-1535 Ipsum. Ave|10|8|lobortis quam a felis ullamcorper viverra. Maecenas iaculis aliquet diam. Sed diam lorem, auctor quis, tristique ac, eleifend vitae, erat. Vivamus nisi. Mauris nulla. Integer urna. Vivamus molestie dapibus ligula. Aliquam erat volutpat. Nulla dignissim. Maecenas ornare egestas ligula. Nullam feugiat placerat velit. Quisque varius. Nam porttitor scelerisque neque. Nullam nisl.|1|1
43|8|6|9|9|8|2012-04-23 00:31:02|2012-04-23 02:31:02|dictum. Phasellus in felis. Nulla|1329 Arcu Street|6|8|lobortis risus. In mi pede, nonummy ut, molestie in, tempus eu, ligula. Aenean euismod mauris eu elit. Nulla facilisi. Sed neque. Sed eget lacus. Mauris non dui nec urna suscipit nonummy. Fusce fermentum fermentum arcu. Vestibulum ante ipsum primis in faucibus orci luctus et ultrices posuere cubilia Curae; Phasellus ornare. Fusce mollis. Duis sit amet diam eu dolor egestas rhoncus. Proin nisl sem,|1|1
44|2|2|10|1|9|2013-04-05 11:40:31|2013-04-05 13:40:31|orci luctus et ultrices posuere cubilia Curae;|P.O. Box 550, 7312 Orci Road|3|10|malesuada fames ac turpis egestas. Aliquam fringilla cursus purus. Nullam scelerisque neque sed sem egestas blandit. Nam nulla magna, malesuada vel, convallis in, cursus et, eros. Proin ultrices. Duis volutpat nunc sit amet metus. Aliquam erat volutpat. Nulla facilisis. Suspendisse commodo tincidunt nibh. Phasellus nulla. Integer vulputate, risus a ultricies adipiscing,|1|1
45|7|9|5|10|1|2012-05-05 21:43:58|2012-05-05 23:43:58|non, egestas a, dui. Cras pellentesque. Sed|Ap #965-905 Vulputate St.|5|2|lectus, a sollicitudin orci sem eget massa. Suspendisse eleifend. Cras sed leo. Cras vehicula aliquet libero. Integer in magna. Phasellus dolor elit, pellentesque a, facilisis non, bibendum sed, est. Nunc laoreet lectus quis|1|1
46|8|6|2|1|6|2012-05-16 21:48:10|2012-05-16 23:48:10|enim mi tempor lorem, eget mollis lectus pede et|831-4549 Fringilla, Rd.|7|5|Vivamus non lorem vitae odio sagittis semper. Nam tempor diam dictum sapien. Aenean massa. Integer vitae nibh. Donec est mauris, rhoncus id, mollis nec, cursus a, enim. Suspendisse aliquet, sem ut cursus luctus, ipsum leo elementum sem, vitae aliquam eros turpis|1|1
47|5|6|3|6|3|2013-05-06 17:28:17|2013-05-06 19:28:17|venenatis lacus. Etiam bibendum fermentum metus.|1966 Aliquet Rd.|8|0|eleifend vitae, erat. Vivamus nisi. Mauris nulla. Integer urna. Vivamus molestie dapibus ligula. Aliquam erat volutpat. Nulla dignissim. Maecenas ornare egestas ligula. Nullam feugiat placerat velit. Quisque varius. Nam porttitor scelerisque neque. Nullam nisl. Maecenas malesuada fringilla est. Mauris eu turpis. Nulla aliquet. Proin velit. Sed malesuada augue ut lacus. Nulla tincidunt, neque vitae semper egestas, urna justo faucibus lectus, a sollicitudin orci sem eget massa. Suspendisse eleifend. Cras sed leo. Cras vehicula aliquet libero. Integer in magna. Phasellus dolor elit, pellentesque a, facilisis non, bibendum sed, est. Nunc laoreet lectus quis massa. Mauris vestibulum, neque sed dictum eleifend,|1|1
48|0|0|0|10|7|2013-11-17 12:20:55|2013-11-17 14:20:55|nunc nulla vulputate dui, nec tempus mauris|497-1663 Amet St.|8|10|pede. Cum sociis natoque penatibus et magnis dis parturient montes, nascetur ridiculus mus. Proin vel arcu eu odio tristique pharetra. Quisque ac libero nec ligula consectetuer rhoncus. Nullam velit dui, semper et, lacinia vitae, sodales at, velit. Pellentesque ultricies dignissim lacus. Aliquam rutrum lorem ac risus. Morbi metus. Vivamus euismod urna. Nullam lobortis quam a felis ullamcorper viverra. Maecenas iaculis aliquet diam. Sed diam lorem, auctor quis,|1|1
49|6|5|9|4|10|2012-05-19 08:28:33|2012-05-19 10:28:33|cursus in, hendrerit consectetuer, cursus et, magna. Praesent interdum|Ap #219-1840 Scelerisque Av.|7|1|lacinia. Sed congue, elit sed consequat auctor, nunc nulla vulputate dui, nec tempus mauris erat eget ipsum. Suspendisse sagittis. Nullam vitae diam. Proin dolor. Nulla semper tellus|1|1
50|1|9|10|1|0|2013-07-06 15:12:04|2013-07-06 17:12:04|Cum sociis natoque penatibus et magnis dis|1729 Mauris Road|6|1|Nullam ut nisi a odio semper cursus. Integer mollis. Integer tincidunt aliquam arcu. Aliquam ultrices iaculis odio. Nam interdum enim non nisi. Aenean eget metus. In nec orci. Donec nibh. Quisque nonummy ipsum non arcu. Vivamus sit amet risus. Donec egestas. Aliquam nec enim. Nunc ut erat. Sed nunc est, mollis non, cursus non, egestas a, dui. Cras pellentesque. Sed dictum. Proin eget odio. Aliquam vulputate ullamcorper magna. Sed eu eros. Nam consequat dolor vitae dolor. Donec fringilla. Donec feugiat metus|1|1
51|0|9|8|8|7|2013-02-03 00:57:15|2013-02-03 02:57:15|nulla. Integer vulputate, risus a ultricies adipiscing,|P.O. Box 159, 8301 Aliquam St.|1|9|cursus et, eros. Proin ultrices. Duis volutpat nunc sit amet metus. Aliquam erat volutpat. Nulla facilisis. Suspendisse commodo tincidunt nibh. Phasellus nulla. Integer vulputate, risus a ultricies adipiscing, enim mi tempor lorem, eget mollis lectus pede et risus. Quisque libero lacus, varius et, euismod et, commodo at, libero. Morbi accumsan laoreet ipsum. Curabitur consequat, lectus sit amet luctus vulputate, nisi sem semper erat, in consectetuer ipsum nunc id enim. Curabitur massa. Vestibulum accumsan neque et nunc. Quisque ornare tortor at risus. Nunc ac sem ut dolor dapibus gravida. Aliquam tincidunt, nunc ac mattis ornare, lectus ante dictum mi,|1|1
52|0|2|5|9|6|2012-11-22 20:10:18|2012-11-22 22:10:18|enim nisl elementum purus, accumsan interdum libero|2537 Libero Rd.|6|10|est tempor bibendum. Donec felis orci, adipiscing non, luctus sit amet, faucibus ut, nulla. Cras eu tellus eu augue porttitor interdum. Sed auctor odio a purus. Duis elementum, dui quis accumsan convallis, ante|1|1
53|1|1|9|0|1|2013-08-23 00:04:34|2013-08-23 02:04:34|interdum enim non nisi. Aenean eget metus. In nec orci.|9621 Laoreet St.|10|9|gravida. Aliquam tincidunt, nunc ac mattis ornare, lectus ante dictum mi, ac mattis velit justo nec ante. Maecenas|1|1
54|8|7|10|8|8|2012-11-13 03:55:36|2012-11-13 05:55:36|nunc sed libero. Proin sed turpis nec mauris|Ap #382-6546 Vitae, St.|2|3|vitae, sodales at, velit. Pellentesque ultricies dignissim lacus. Aliquam rutrum lorem ac risus. Morbi metus. Vivamus euismod urna. Nullam lobortis quam a felis ullamcorper viverra. Maecenas iaculis aliquet diam. Sed diam lorem, auctor quis, tristique ac, eleifend vitae, erat. Vivamus nisi. Mauris nulla. Integer urna. Vivamus molestie dapibus ligula. Aliquam erat volutpat. Nulla dignissim. Maecenas ornare egestas ligula. Nullam feugiat placerat velit. Quisque varius. Nam porttitor scelerisque neque. Nullam nisl. Maecenas malesuada fringilla est. Mauris eu turpis. Nulla aliquet. Proin velit. Sed|1|1
55|5|1|9|5|1|2012-06-28 22:31:53|2012-06-29 00:31:53|lobortis mauris. Suspendisse aliquet molestie tellus. Aenean egestas hendrerit neque.|Ap #974-8026 Egestas Ave|1|8|Nam consequat dolor vitae dolor. Donec fringilla. Donec feugiat metus sit amet ante. Vivamus non lorem vitae odio sagittis semper. Nam tempor diam dictum sapien. Aenean massa. Integer vitae nibh. Donec est mauris, rhoncus id, mollis nec, cursus a, enim. Suspendisse aliquet, sem ut cursus luctus, ipsum leo elementum sem,|1|1
56|7|0|3|9|6|2012-12-24 11:25:25|2012-12-24 13:25:25|justo. Praesent luctus. Curabitur egestas nunc sed libero.|288-1594 Pellentesque Avenue|1|8|tristique senectus et netus et malesuada fames ac turpis egestas. Fusce aliquet magna a neque. Nullam ut nisi a odio semper cursus. Integer mollis. Integer tincidunt aliquam arcu. Aliquam ultrices iaculis odio. Nam interdum|1|1
57|10|8|4|7|3|2013-08-07 17:23:02|2013-08-07 19:23:02|dui lectus rutrum urna, nec luctus felis|5920 Nisi St.|6|2|lorem, sit amet ultricies sem magna nec quam. Curabitur vel lectus. Cum sociis natoque penatibus et magnis dis parturient montes, nascetur ridiculus mus. Donec dignissim magna a tortor. Nunc commodo auctor velit. Aliquam nisl. Nulla|1|1
58|2|1|7|1|0|2012-12-17 14:37:03|2012-12-17 16:37:03|diam. Duis mi enim, condimentum|P.O. Box 536, 3064 Dui Street|3|9|mollis. Phasellus libero mauris, aliquam eu, accumsan sed, facilisis vitae, orci. Phasellus dapibus quam quis diam. Pellentesque habitant morbi tristique senectus et netus et malesuada fames ac turpis egestas. Fusce aliquet magna a|1|1
59|4|7|4|9|8|2012-12-19 13:51:31|2012-12-19 15:51:31|Mauris vestibulum, neque sed dictum eleifend, nunc|Ap #218-880 Amet, Rd.|9|4|non justo. Proin non massa non ante bibendum ullamcorper. Duis cursus, diam at pretium aliquet, metus urna convallis erat, eget tincidunt dui augue eu tellus. Phasellus elit pede,|1|1
60|7|8|5|10|9|2013-10-12 17:06:59|2013-10-12 19:06:59|fermentum arcu. Vestibulum ante ipsum primis in faucibus orci luctus|296-1384 Blandit Av.|4|6|augue, eu tempor erat neque non quam. Pellentesque habitant morbi tristique senectus et netus et malesuada fames ac turpis egestas. Aliquam fringilla cursus purus. Nullam scelerisque neque sed sem egestas blandit. Nam nulla magna, malesuada vel, convallis in, cursus et, eros. Proin ultrices. Duis volutpat nunc sit amet metus. Aliquam erat volutpat. Nulla facilisis. Suspendisse commodo tincidunt nibh. Phasellus nulla. Integer vulputate, risus a ultricies adipiscing, enim mi tempor lorem, eget mollis lectus pede et risus. Quisque libero lacus, varius et, euismod et,|1|1
61|3|9|0|9|6|2013-03-12 20:24:25|2013-03-12 22:24:25|ac mattis velit justo nec ante.|P.O. Box 181, 994 Scelerisque, Rd.|4|8|non quam. Pellentesque habitant morbi tristique senectus et netus et malesuada fames ac turpis egestas. Aliquam fringilla cursus purus. Nullam scelerisque neque sed sem egestas blandit. Nam nulla magna, malesuada vel, convallis in, cursus et, eros. Proin ultrices. Duis volutpat nunc sit amet metus. Aliquam erat volutpat. Nulla facilisis. Suspendisse commodo tincidunt nibh. Phasellus nulla. Integer vulputate, risus a ultricies adipiscing, enim mi tempor lorem, eget mollis lectus pede et risus. Quisque libero lacus, varius et, euismod et, commodo at, libero. Morbi accumsan laoreet ipsum. Curabitur consequat, lectus sit amet luctus|1|1
62|9|10|10|7|4|2012-12-04 19:20:41|2012-12-04 21:20:41|pede sagittis augue, eu tempor|Ap #767-1753 Cursus Ave|3|0|Nullam lobortis quam a felis ullamcorper viverra. Maecenas iaculis aliquet diam. Sed|1|1
63|6|8|0|1|10|2012-04-22 20:40:42|2012-04-22 22:40:42|Sed molestie. Sed id risus quis|P.O. Box 312, 6646 Consectetuer Avenue|9|1|libero et tristique pellentesque, tellus sem mollis dui, in sodales elit erat vitae risus. Duis a mi fringilla mi lacinia mattis. Integer eu lacus. Quisque imperdiet, erat nonummy ultricies ornare, elit elit fermentum risus, at fringilla purus mauris a nunc. In at pede. Cras vulputate velit eu sem. Pellentesque ut ipsum ac mi eleifend egestas. Sed pharetra, felis eget varius ultrices, mauris ipsum|1|1
64|10|7|9|7|3|2012-09-28 19:43:43|2012-09-28 21:43:43|fames ac turpis egestas. Aliquam fringilla cursus purus.|9571 Suscipit, Rd.|5|5|arcu. Nunc mauris. Morbi non sapien molestie orci tincidunt adipiscing. Mauris molestie pharetra nibh. Aliquam ornare, libero at auctor ullamcorper, nisl arcu iaculis enim, sit amet ornare lectus justo eu arcu. Morbi sit amet massa. Quisque porttitor eros nec tellus. Nunc lectus pede, ultrices a, auctor non, feugiat nec, diam. Duis mi enim, condimentum eget, volutpat ornare,|1|1
65|2|8|10|6|7|2012-08-11 03:28:43|2012-08-11 05:28:43|mi fringilla mi lacinia mattis.|9643 Nisi. Avenue|8|7|Donec at arcu. Vestibulum ante ipsum primis in faucibus orci luctus et ultrices posuere cubilia Curae; Donec tincidunt. Donec vitae erat vel pede blandit congue. In scelerisque scelerisque dui. Suspendisse ac metus vitae velit egestas lacinia. Sed congue, elit sed consequat auctor, nunc nulla vulputate dui, nec tempus mauris erat eget ipsum. Suspendisse sagittis. Nullam vitae diam. Proin dolor. Nulla semper tellus id nunc interdum feugiat. Sed nec metus facilisis lorem tristique aliquet. Phasellus fermentum convallis ligula. Donec luctus aliquet odio. Etiam ligula tortor, dictum eu, placerat eget, venenatis a, magna. Lorem ipsum dolor sit amet, consectetuer adipiscing|1|1
66|5|7|4|3|3|2013-05-09 14:03:58|2013-05-09 16:03:58|Aliquam adipiscing lobortis risus. In|Ap #798-8458 Augue. Rd.|3|5|rutrum. Fusce dolor quam, elementum at, egestas a, scelerisque sed, sapien. Nunc pulvinar arcu et pede.|1|1
67|8|5|4|1|5|2012-09-30 10:47:28|2012-09-30 12:47:28|Aliquam ultrices iaculis odio. Nam interdum enim|P.O. Box 167, 4530 Eros St.|9|5|dis parturient montes, nascetur ridiculus mus. Proin vel arcu eu odio tristique pharetra. Quisque ac libero nec ligula consectetuer rhoncus. Nullam velit dui,|1|1
68|4|0|7|10|8|2013-08-28 13:52:18|2013-08-28 15:52:18|mollis dui, in sodales elit erat vitae|772 Ut Avenue|3|5|sem mollis dui, in sodales elit erat vitae risus. Duis a mi fringilla mi lacinia mattis. Integer eu lacus. Quisque imperdiet, erat nonummy ultricies ornare, elit elit fermentum risus, at fringilla purus mauris a nunc. In at pede. Cras vulputate velit eu sem. Pellentesque ut ipsum ac mi eleifend egestas. Sed pharetra, felis eget varius ultrices, mauris ipsum porta elit, a feugiat tellus lorem eu metus. In lorem. Donec elementum, lorem ut aliquam iaculis, lacus pede sagittis augue, eu tempor erat neque non quam.|1|1
69|3|2|0|6|3|2013-07-31 00:57:08|2013-07-31 02:57:08|nibh lacinia orci, consectetuer euismod|P.O. Box 931, 3011 Eu, Avenue|0|4|Vivamus non lorem vitae odio sagittis semper. Nam tempor diam dictum sapien. Aenean massa. Integer vitae nibh. Donec est mauris, rhoncus id, mollis nec, cursus a, enim. Suspendisse aliquet, sem ut cursus luctus, ipsum leo elementum sem, vitae aliquam eros turpis non enim. Mauris quis turpis vitae purus gravida sagittis. Duis gravida. Praesent eu nulla at sem molestie sodales. Mauris blandit enim consequat purus. Maecenas libero est, congue a, aliquet vel, vulputate|1|1
70|9|5|4|10|5|2013-08-22 16:45:36|2013-08-22 18:45:36|leo. Morbi neque tellus, imperdiet non,|6485 Risus, Av.|7|8|mi, ac mattis velit justo nec ante. Maecenas mi felis, adipiscing fringilla, porttitor vulputate, posuere vulputate, lacus. Cras interdum. Nunc sollicitudin commodo ipsum. Suspendisse non leo. Vivamus nibh dolor, nonummy ac, feugiat non, lobortis quis, pede. Suspendisse dui. Fusce diam nunc, ullamcorper eu, euismod ac, fermentum vel, mauris. Integer sem elit, pharetra ut, pharetra sed, hendrerit a, arcu. Sed et libero. Proin mi. Aliquam gravida mauris ut mi. Duis risus odio, auctor vitae, aliquet nec, imperdiet nec, leo. Morbi neque tellus, imperdiet non, vestibulum nec, euismod in, dolor. Fusce feugiat. Lorem ipsum dolor sit amet, consectetuer adipiscing elit.|1|1
71|3|8|3|1|8|2012-10-17 06:41:13|2012-10-17 08:41:13|malesuada id, erat. Etiam vestibulum massa rutrum magna.|783-7602 Turpis Rd.|4|4|interdum. Nunc sollicitudin commodo ipsum. Suspendisse non leo. Vivamus nibh dolor, nonummy ac, feugiat non, lobortis quis, pede. Suspendisse dui. Fusce diam nunc, ullamcorper eu, euismod ac, fermentum vel, mauris. Integer sem elit, pharetra ut, pharetra sed, hendrerit a, arcu. Sed et libero. Proin mi. Aliquam gravida mauris ut mi. Duis risus odio, auctor vitae, aliquet nec, imperdiet nec, leo. Morbi neque tellus, imperdiet non, vestibulum nec, euismod|1|1
72|4|1|5|2|10|2013-01-21 12:34:20|2013-01-21 14:34:20|luctus vulputate, nisi sem semper erat,|6458 Tristique St.|8|5|magna. Nam ligula elit, pretium et, rutrum non, hendrerit id, ante. Nunc mauris sapien, cursus in, hendrerit consectetuer, cursus et, magna. Praesent interdum ligula eu enim. Etiam imperdiet dictum magna. Ut tincidunt orci quis lectus. Nullam suscipit, est ac facilisis facilisis, magna tellus faucibus leo, in lobortis tellus justo sit amet nulla. Donec non justo. Proin non massa non ante bibendum ullamcorper. Duis cursus, diam at pretium aliquet, metus urna convallis erat, eget tincidunt dui augue eu tellus. Phasellus elit pede, malesuada vel, venenatis vel, faucibus id, libero. Donec consectetuer mauris id sapien. Cras dolor dolor, tempus|1|1
73|4|3|0|5|10|2012-12-31 11:41:36|2012-12-31 13:41:36|Nulla facilisi. Sed neque. Sed eget lacus.|Ap #405-8938 Aliquet Avenue|4|9|enim commodo hendrerit. Donec porttitor tellus non magna. Nam ligula elit, pretium et, rutrum non, hendrerit id, ante. Nunc mauris sapien, cursus in, hendrerit consectetuer, cursus et, magna. Praesent interdum ligula eu enim. Etiam imperdiet dictum magna. Ut tincidunt orci quis|1|1
74|5|8|5|1|8|2013-05-12 02:47:25|2013-05-12 04:47:25|elit elit fermentum risus, at fringilla purus|2239 Lobortis Av.|6|9|nunc. Quisque ornare tortor at risus. Nunc ac sem ut dolor dapibus gravida. Aliquam tincidunt, nunc ac mattis ornare, lectus ante dictum mi, ac mattis velit justo nec ante. Maecenas mi felis, adipiscing fringilla, porttitor vulputate, posuere vulputate, lacus. Cras interdum. Nunc sollicitudin commodo ipsum. Suspendisse non leo. Vivamus nibh dolor, nonummy ac, feugiat non, lobortis quis, pede. Suspendisse dui. Fusce diam nunc, ullamcorper|1|1
75|9|4|2|6|3|2013-03-23 19:32:26|2013-03-23 21:32:26|ac mattis velit justo nec ante. Maecenas mi felis, adipiscing|5224 Odio. Road|10|2|neque sed dictum eleifend, nunc risus varius orci, in consequat enim diam vel arcu. Curabitur ut odio vel est tempor bibendum.|1|1
76|6|8|0|4|4|2012-07-09 17:56:27|2012-07-09 19:56:27|ut, sem. Nulla interdum. Curabitur dictum. Phasellus in felis. Nulla|P.O. Box 302, 4637 Augue Rd.|10|3|molestie orci tincidunt adipiscing. Mauris molestie pharetra nibh. Aliquam ornare, libero at auctor ullamcorper, nisl arcu iaculis enim, sit amet ornare lectus justo eu arcu. Morbi sit amet massa. Quisque porttitor eros nec tellus. Nunc lectus pede, ultrices a, auctor non, feugiat|1|1
77|6|4|9|8|8|2012-07-07 15:19:39|2012-07-07 17:19:39|torquent per conubia nostra, per inceptos hymenaeos. Mauris ut|216-9485 Lobortis Avenue|0|8|tincidunt pede ac urna. Ut tincidunt vehicula risus. Nulla eget metus eu erat semper rutrum. Fusce dolor quam, elementum at, egestas a, scelerisque sed, sapien. Nunc pulvinar arcu et pede. Nunc sed orci lobortis augue scelerisque mollis. Phasellus libero mauris, aliquam eu, accumsan sed, facilisis vitae, orci. Phasellus dapibus quam quis diam. Pellentesque habitant morbi tristique senectus et netus et malesuada fames ac turpis egestas. Fusce aliquet magna a neque. Nullam ut nisi a odio semper cursus. Integer|1|1
78|9|3|8|4|3|2013-08-02 03:10:33|2013-08-02 05:10:33|vel, convallis in, cursus et,|P.O. Box 604, 8432 Ut Street|1|1|sed, sapien. Nunc pulvinar arcu et pede. Nunc sed orci lobortis augue scelerisque mollis. Phasellus libero mauris, aliquam eu, accumsan sed, facilisis vitae, orci. Phasellus dapibus quam quis diam. Pellentesque habitant morbi tristique senectus et|1|1
79|8|1|8|7|5|2012-06-12 08:49:54|2012-06-12 10:49:54|sociis natoque penatibus et magnis dis parturient montes, nascetur ridiculus|619-7589 Egestas Rd.|6|5|ridiculus mus. Proin vel arcu eu odio tristique pharetra. Quisque ac libero nec ligula consectetuer rhoncus. Nullam velit|1|1
80|3|8|7|6|10|2013-12-11 21:57:44|2013-12-11 23:57:44|Fusce aliquam, enim nec tempus scelerisque,|1832 Semper. Road|3|8|ut lacus. Nulla tincidunt, neque vitae semper egestas, urna justo faucibus lectus, a sollicitudin orci sem eget massa. Suspendisse eleifend. Cras sed leo. Cras vehicula aliquet libero. Integer in magna. Phasellus dolor elit, pellentesque a, facilisis non, bibendum sed, est. Nunc laoreet lectus quis massa. Mauris vestibulum, neque sed dictum eleifend, nunc risus varius orci, in consequat enim diam vel arcu. Curabitur ut odio vel est tempor bibendum. Donec felis orci, adipiscing non, luctus sit amet, faucibus ut, nulla. Cras eu tellus eu augue porttitor interdum. Sed auctor odio a purus. Duis elementum,|1|1
81|10|4|2|5|0|2012-07-29 08:36:12|2012-07-29 10:36:12|aliquam arcu. Aliquam ultrices iaculis odio. Nam interdum|Ap #897-5595 A St.|4|3|mauris elit, dictum eu, eleifend nec, malesuada ut, sem. Nulla interdum. Curabitur dictum. Phasellus in felis. Nulla tempor augue ac ipsum. Phasellus vitae mauris sit amet lorem semper auctor. Mauris vel turpis. Aliquam adipiscing lobortis risus. In mi pede, nonummy ut, molestie in, tempus eu, ligula. Aenean euismod mauris eu elit. Nulla facilisi. Sed neque. Sed eget lacus. Mauris non dui nec urna suscipit nonummy. Fusce fermentum fermentum arcu. Vestibulum ante ipsum primis in faucibus orci luctus et ultrices posuere cubilia Curae; Phasellus ornare. Fusce mollis. Duis sit amet diam eu|1|1
82|1|3|10|3|7|2014-02-16 21:56:09|2014-02-16 23:56:09|lectus convallis est, vitae sodales nisi magna sed dui.|451-1085 Et Rd.|0|3|hymenaeos. Mauris ut quam vel sapien imperdiet ornare. In faucibus. Morbi vehicula. Pellentesque tincidunt tempus risus. Donec egestas. Duis ac arcu. Nunc mauris. Morbi non sapien molestie orci tincidunt adipiscing. Mauris molestie pharetra nibh. Aliquam ornare, libero at auctor ullamcorper, nisl arcu iaculis enim, sit amet ornare lectus justo eu arcu. Morbi sit amet massa. Quisque porttitor eros|1|1
83|10|10|4|1|5|2013-05-20 23:57:06|2013-05-21 01:57:06|pharetra. Nam ac nulla. In tincidunt|Ap #209-6036 Justo Rd.|1|3|vitae dolor. Donec fringilla. Donec feugiat metus sit amet ante. Vivamus non lorem vitae odio sagittis semper. Nam tempor diam dictum sapien. Aenean massa. Integer vitae nibh. Donec est mauris, rhoncus id, mollis nec, cursus a, enim. Suspendisse aliquet, sem ut cursus luctus, ipsum leo elementum sem, vitae aliquam eros turpis non enim. Mauris quis turpis vitae purus gravida sagittis. Duis gravida. Praesent eu nulla at sem molestie sodales. Mauris blandit enim consequat purus. Maecenas libero est, congue a, aliquet vel, vulputate eu, odio. Phasellus at augue id ante dictum|1|1
84|9|0|5|4|4|2013-05-13 11:40:27|2013-05-13 13:40:27|blandit at, nisi. Cum sociis natoque penatibus et magnis dis|P.O. Box 735, 1364 Neque Street|6|7|leo. Morbi neque tellus, imperdiet non, vestibulum nec, euismod in, dolor. Fusce feugiat. Lorem ipsum|1|1
85|2|5|5|8|1|2013-07-17 21:42:13|2013-07-17 23:42:13|Cras sed leo. Cras vehicula aliquet libero. Integer|469-4518 Morbi Av.|9|3|lectus, a sollicitudin orci sem eget massa. Suspendisse eleifend. Cras sed leo. Cras vehicula aliquet libero. Integer in magna. Phasellus dolor elit, pellentesque a, facilisis non, bibendum sed, est. Nunc laoreet lectus quis massa. Mauris vestibulum, neque sed dictum eleifend, nunc risus varius orci, in consequat enim diam vel arcu. Curabitur ut odio|1|1
86|3|2|3|6|2|2013-11-12 03:18:11|2013-11-12 05:18:11|ipsum. Suspendisse sagittis. Nullam vitae|8666 Integer Ave|5|3|Ut tincidunt vehicula risus. Nulla eget metus eu erat semper rutrum. Fusce dolor quam, elementum at, egestas a, scelerisque|1|1
87|1|4|3|5|3|2012-05-07 00:34:30|2012-05-07 02:34:30|cursus et, eros. Proin ultrices. Duis volutpat nunc|P.O. Box 315, 9358 Proin Rd.|9|1|Pellentesque habitant morbi tristique senectus et netus et malesuada fames ac turpis egestas. Fusce aliquet magna a neque. Nullam ut nisi a odio semper cursus. Integer mollis. Integer tincidunt aliquam arcu. Aliquam ultrices iaculis odio. Nam|1|1
88|3|5|7|2|2|2013-11-26 05:04:01|2013-11-26 07:04:01|egestas. Fusce aliquet magna a neque. Nullam|P.O. Box 748, 6923 Nisl. Av.|1|9|facilisis non, bibendum sed, est. Nunc laoreet lectus quis massa. Mauris vestibulum, neque sed dictum eleifend, nunc risus varius orci, in|1|1
89|0|2|2|6|4|2013-10-07 11:37:59|2013-10-07 13:37:59|sit amet, dapibus id, blandit at, nisi.|2940 Arcu. Rd.|0|7|euismod enim. Etiam gravida molestie arcu. Sed eu nibh vulputate mauris sagittis placerat. Cras dictum ultricies ligula. Nullam enim. Sed nulla ante, iaculis nec, eleifend non, dapibus rutrum, justo. Praesent luctus. Curabitur egestas nunc sed libero. Proin sed turpis nec mauris blandit mattis. Cras eget nisi dictum augue malesuada malesuada. Integer id magna et ipsum cursus vestibulum. Mauris magna. Duis dignissim tempor arcu. Vestibulum ut|1|1
90|8|9|9|4|8|2013-09-02 23:34:46|2013-09-03 01:34:46|sem, vitae aliquam eros turpis|P.O. Box 591, 5840 A, St.|4|10|in lobortis tellus justo sit amet nulla. Donec non justo. Proin non massa non ante bibendum ullamcorper. Duis cursus, diam at pretium aliquet, metus urna convallis erat, eget tincidunt dui augue eu tellus. Phasellus elit pede, malesuada vel, venenatis vel, faucibus id, libero. Donec consectetuer mauris id sapien. Cras dolor dolor, tempus non, lacinia at, iaculis quis, pede. Praesent eu dui. Cum sociis natoque penatibus et magnis dis|1|1
91|0|6|8|2|2|2013-03-23 02:02:11|2013-03-23 04:02:11|nisi. Cum sociis natoque penatibus et magnis dis|P.O. Box 807, 6466 Amet Street|10|5|lacinia mattis. Integer eu lacus. Quisque imperdiet, erat nonummy ultricies ornare, elit elit fermentum risus, at fringilla purus mauris a nunc. In at pede. Cras vulputate velit eu sem. Pellentesque ut ipsum ac mi eleifend egestas. Sed pharetra, felis eget varius ultrices, mauris ipsum porta elit, a feugiat tellus lorem eu metus. In lorem. Donec elementum, lorem|1|1
92|9|1|7|0|1|2013-09-01 22:12:14|2013-09-02 00:12:14|erat, eget tincidunt dui augue eu|270-3940 Integer St.|5|2|nec urna suscipit nonummy. Fusce fermentum fermentum arcu. Vestibulum ante|1|1
93|8|10|4|0|0|2013-10-05 05:31:00|2013-10-05 07:31:00|nascetur ridiculus mus. Aenean eget magna.|P.O. Box 862, 7057 Non, Ave|4|8|Nunc ut erat. Sed nunc est, mollis non, cursus non, egestas a, dui. Cras pellentesque. Sed dictum. Proin eget odio. Aliquam vulputate ullamcorper magna. Sed eu eros. Nam consequat dolor vitae dolor. Donec fringilla. Donec feugiat metus sit amet ante. Vivamus non lorem vitae odio sagittis semper. Nam tempor diam dictum sapien. Aenean massa. Integer vitae nibh. Donec est mauris, rhoncus id, mollis nec, cursus a, enim. Suspendisse aliquet, sem ut cursus luctus, ipsum leo elementum sem, vitae aliquam eros turpis non enim.|1|1
94|3|4|5|5|7|2014-01-05 17:26:33|2014-01-05 19:26:33|dolor dapibus gravida. Aliquam tincidunt, nunc ac mattis ornare,|3797 Eros Avenue|3|1|tincidunt tempus risus. Donec egestas. Duis ac arcu. Nunc mauris. Morbi non sapien molestie orci tincidunt adipiscing. Mauris molestie pharetra nibh.|1|1
95|3|8|8|4|5|2013-11-16 13:47:22|2013-11-16 15:47:22|eget lacus. Mauris non dui nec urna suscipit nonummy. Fusce|530 Mollis. Road|5|8|pharetra, felis eget varius ultrices, mauris ipsum porta elit, a|1|1
96|4|8|2|3|10|2012-02-28 14:26:48|2012-02-28 16:26:48|non dui nec urna suscipit|510-7669 Et Rd.|10|6|tortor. Nunc commodo auctor velit. Aliquam nisl. Nulla eu neque pellentesque massa lobortis ultrices. Vivamus rhoncus. Donec est. Nunc ullamcorper,|1|1
97|2|3|7|5|8|2013-10-17 23:00:13|2013-10-18 01:00:13|mi lorem, vehicula et, rutrum eu, ultrices sit|Ap #155-5306 Phasellus Road|0|4|tincidunt tempus risus. Donec egestas. Duis ac arcu. Nunc mauris. Morbi non sapien molestie orci tincidunt adipiscing. Mauris molestie pharetra nibh. Aliquam ornare, libero at auctor ullamcorper, nisl arcu iaculis enim, sit amet ornare lectus justo eu arcu. Morbi|1|1
98|4|10|6|10|3|2013-04-21 04:52:08|2013-04-21 06:52:08|montes, nascetur ridiculus mus. Donec|8867 Tempor Rd.|0|3|Integer urna. Vivamus molestie dapibus ligula. Aliquam erat volutpat. Nulla dignissim. Maecenas ornare egestas ligula. Nullam feugiat placerat velit. Quisque|1|1
99|1|7|0|3|0|2013-12-05 01:30:31|2013-12-05 03:30:31|egestas, urna justo faucibus lectus, a sollicitudin orci|8929 Dignissim Rd.|10|6|nec ligula consectetuer rhoncus. Nullam velit dui, semper et, lacinia vitae, sodales at, velit. Pellentesque ultricies dignissim lacus. Aliquam rutrum lorem ac risus. Morbi metus.|1|1
100|2|8|9|10|10|2013-11-15 03:59:56|2013-11-15 05:59:56|scelerisque dui. Suspendisse ac metus vitae velit|P.O. Box 954, 9117 Iaculis, Rd.|0|5|blandit viverra. Donec tempus, lorem fringilla ornare placerat, orci lacus vestibulum lorem,|1|1

