id|activo|id_campanya|id_importacion|id_estado|nombre|cif|contacto|direccion|nombre_pais|nombre_provincia|nombre_poblacion|nombre_codpostal|email|web|tel_fijo|tel_movil|fax|facturacion|comentarios
1|1|10|3|8|aliquam eu, accumsan sed, facilisis|22957888-B|Tarik Goodman|2323 Elit, Street|Oman|MT|Carrollton|X5H 2T2|egestas.hendrerit.neque@Praesent.com|http://www.enrptrvlun.wom|96 279 85 12|680 712 539|90 563 61 02|909031|ultrices iaculis odio. Nam interdum enim non nisi. Aenean eget metus. In nec orci. Donec nibh. Quisque nonummy ipsum non arcu. Vivamus sit amet risus. Donec egestas. Aliquam nec enim. Nunc ut erat. Sed nunc est, mollis non, cursus non, egestas a, dui. Cras pellentesque. Sed dictum. Proin eget odio. Aliquam vulputate ullamcorper magna. Sed eu eros. Nam consequat dolor vitae dolor. Donec fringilla. Donec feugiat metus sit amet ante. Vivamus non
2|0|5|6|1|lorem, eget mollis lectus pede|81742932-T|Harper House|374-3393 Molestie Av.|Andorra|Noord Holland|San Mateo|XW4A 5WG|a.aliquet@tellusNunc.org|http://www.xplixtjoun.gom|90 554 93 44|622 928 743|99 965 82 92|251604|Integer id magna et ipsum cursus vestibulum. Mauris magna. Duis dignissim tempor arcu. Vestibulum ut eros non enim commodo hendrerit. Donec porttitor tellus non magna. Nam ligula elit, pretium et, rutrum non, hendrerit id, ante. Nunc mauris sapien, cursus in, hendrerit consectetuer, cursus et, magna. Praesent interdum ligula eu enim. Etiam imperdiet dictum magna. Ut tincidunt orci quis lectus. Nullam suscipit, est ac facilisis facilisis, magna tellus faucibus leo, in lobortis tellus justo sit amet nulla. Donec
3|1|5|1|9|tempus, lorem fringilla ornare placerat, orci lacus vestibulum|40674106-A|Dean King|7318 Consectetuer Ave|Saint Kitts and Nevis|Zuid Holland|Pico Rivera|PC2 0CW|eu.nibh.vulputate@nuncInat.edu|http://www.zcstwpmpdt.hom|99 019 05 65|612 632 720|92 195 19 29|867458|velit. Sed malesuada augue ut lacus. Nulla tincidunt, neque vitae semper egestas, urna justo faucibus lectus, a sollicitudin orci sem eget massa. Suspendisse eleifend. Cras sed leo. Cras vehicula aliquet libero. Integer in magna. Phasellus dolor elit, pellentesque a, facilisis non, bibendum sed, est. Nunc laoreet lectus quis massa. Mauris vestibulum, neque sed dictum eleifend, nunc risus varius orci, in consequat enim diam vel arcu. Curabitur ut odio vel est tempor bibendum. Donec felis orci, adipiscing non, luctus sit amet, faucibus ut, nulla.
4|0|10|2|7|eget lacus. Mauris non dui nec urna suscipit nonummy. Fusce|88244867-L|Zahir Austin|P.O. Box 562, 4363 Mauris Street|Andorra|Fr.|Yuma|X4X 7P3|eleifend@risusodioauctor.ca|http://www.xzcdcppdqe.dom|98 799 63 98|638 125 757|91 570 47 15|889925|sem ut cursus luctus, ipsum leo elementum sem, vitae aliquam eros turpis non enim. Mauris quis turpis vitae purus gravida sagittis. Duis gravida. Praesent eu nulla at sem molestie sodales. Mauris blandit enim consequat purus. Maecenas libero est, congue a, aliquet vel, vulputate eu, odio. Phasellus at augue id ante dictum cursus. Nunc mauris elit, dictum eu, eleifend nec, malesuada ut, sem. Nulla interdum. Curabitur dictum. Phasellus in felis. Nulla tempor augue ac ipsum. Phasellus vitae mauris
5|0|3|3|1|dapibus quam quis diam. Pellentesque habitant|11740588-S|Arthur Hopkins|P.O. Box 739, 1517 Dapibus Rd.|Algeria|North Riding of Yorkshire|Anaconda|26934|tellus.eu@infaucibusorci.com|http://www.shufyaxcas.rom|98 674 20 12|679 538 982|93 757 48 46|767772|Ut tincidunt orci quis lectus. Nullam suscipit, est ac facilisis facilisis, magna tellus faucibus leo, in lobortis tellus justo sit amet nulla. Donec non justo. Proin non massa non ante bibendum ullamcorper. Duis cursus, diam at pretium aliquet, metus urna convallis erat, eget tincidunt dui augue eu tellus. Phasellus elit pede, malesuada vel, venenatis vel,
6|1|5|3|5|Aliquam tincidunt, nunc ac mattis ornare,|27139408-A|Griffin Patton|3550 Arcu. Street|Afghanistan|Arizona|Stafford|I9A 6R2|tincidunt.orci.quis@nonleoVivamus.com|http://www.tjdspdbpqd.com|99 629 70 82|611 117 836|94 159 89 05|576245|metus urna convallis erat, eget tincidunt dui augue eu tellus. Phasellus elit pede, malesuada vel, venenatis vel, faucibus id, libero. Donec consectetuer mauris id sapien. Cras
7|0|8|8|2|massa. Mauris vestibulum, neque sed dictum eleifend, nunc risus|46144466-Q|Plato Giles|9876 Cum St.|El Salvador|Noord Brabant|Chester|I6M 8I6|in@cursus.com|http://www.tqtgusgbhd.fom|98 088 21 01|623 771 133|99 423 18 04|678973|pede. Praesent eu dui. Cum sociis natoque penatibus et magnis dis parturient montes, nascetur ridiculus mus. Aenean eget magna. Suspendisse tristique neque venenatis lacus. Etiam bibendum fermentum metus. Aenean sed pede nec ante blandit viverra. Donec tempus, lorem fringilla ornare placerat, orci lacus vestibulum lorem, sit amet ultricies sem magna nec quam. Curabitur vel lectus. Cum sociis natoque penatibus et magnis dis parturient montes, nascetur ridiculus mus. Donec dignissim magna a tortor. Nunc commodo auctor velit. Aliquam nisl. Nulla eu neque
8|1|0|8|9|eget mollis lectus pede et risus. Quisque libero lacus, varius|67187201-B|Omar Delgado|Ap #167-5356 Molestie St.|Swaziland|Prince Edward Island|Garden Grove|25596|in.aliquet@nuncrisusvarius.ca|http://www.xebcgreuno.nom|92 065 24 65|614 760 724|94 182 00 21|391103|ut, pellentesque eget, dictum placerat, augue. Sed molestie. Sed id risus quis diam luctus lobortis. Class aptent taciti sociosqu ad litora torquent per conubia nostra, per inceptos hymenaeos. Mauris ut quam vel sapien imperdiet ornare. In faucibus. Morbi vehicula. Pellentesque tincidunt tempus risus. Donec egestas. Duis ac arcu. Nunc mauris. Morbi non sapien molestie orci tincidunt adipiscing. Mauris molestie pharetra nibh. Aliquam ornare, libero at auctor ullamcorper, nisl arcu iaculis enim, sit amet ornare lectus justo eu arcu. Morbi sit amet massa. Quisque porttitor eros nec tellus. Nunc lectus pede, ultrices a, auctor non,
9|0|4|8|6|mauris a nunc. In at pede. Cras vulputate|22078683-K|Henry Harrison|5818 A, Ave|Solomon Islands|QC|East St. Louis|W1W 2I9|non.enim.Mauris@montesnascetur.com|http://www.ydwcvtrqmm.nom|93 544 56 60|665 156 445|96 921 93 90|265459|pede nec ante blandit viverra. Donec tempus, lorem fringilla ornare placerat, orci lacus vestibulum lorem, sit amet ultricies sem magna nec quam. Curabitur vel lectus. Cum sociis natoque penatibus et magnis dis parturient montes, nascetur ridiculus mus. Donec dignissim magna a tortor. Nunc commodo auctor velit. Aliquam nisl. Nulla eu neque pellentesque massa lobortis ultrices. Vivamus rhoncus. Donec est. Nunc ullamcorper, velit in aliquet lobortis, nisi nibh lacinia orci, consectetuer euismod est arcu ac orci. Ut
10|1|2|1|3|Sed congue, elit sed consequat auctor, nunc nulla|79346312-O|Lucas Tucker|688-883 Erat. St.|Pakistan|AB|Pittsfield|2601ZN|porttitor.scelerisque.neque@facilisisvitae.ca|http://www.gzyikpkcjl.dom|91 436 13 31|665 777 725|91 860 15 04|101127|habitant morbi tristique senectus et netus et malesuada fames ac turpis egestas. Aliquam fringilla cursus purus. Nullam scelerisque neque sed sem egestas blandit. Nam nulla magna, malesuada vel, convallis in, cursus et, eros. Proin ultrices. Duis volutpat nunc sit amet metus. Aliquam erat volutpat. Nulla facilisis. Suspendisse commodo tincidunt nibh. Phasellus nulla. Integer vulputate, risus a ultricies adipiscing, enim mi tempor lorem, eget mollis lectus pede et
11|0|0|3|2|aliquet odio. Etiam ligula tortor,|57981056-V|Finn Haley|7258 Nunc Rd.|Maldives|QC|Dickinson|4619JC|Ut.sagittis.lobortis@velit.edu|http://www.ztnoklhyac.qom|91 972 37 58|609 429 727|92 414 48 99|318592|quam vel sapien imperdiet ornare. In faucibus. Morbi vehicula. Pellentesque tincidunt tempus risus. Donec egestas. Duis ac arcu. Nunc mauris. Morbi non sapien molestie orci tincidunt adipiscing. Mauris molestie pharetra nibh. Aliquam ornare, libero at auctor ullamcorper, nisl arcu iaculis enim, sit amet
12|0|4|3|8|ad litora torquent per conubia nostra, per inceptos|58623433-W|Kennedy Dalton|9390 Sed Av.|Gambia|Newfoundland and Labrador|Garden Grove|0566IG|magnis.dis.parturient@loremloremluctus.ca|http://www.ovffsedafm.vom|91 752 35 63|686 952 271|99 449 02 12|964881|Integer urna. Vivamus molestie dapibus ligula. Aliquam erat volutpat. Nulla dignissim. Maecenas ornare egestas ligula. Nullam feugiat placerat velit. Quisque varius. Nam porttitor scelerisque neque. Nullam nisl. Maecenas malesuada fringilla est. Mauris eu turpis.
13|1|5|9|8|iaculis quis, pede. Praesent eu dui. Cum sociis|28074461-I|Carter Johnson|Ap #524-4292 Malesuada. Avenue|Barbados|L.|DuBois|W6H 7P0|ac@aliquetProinvelit.com|http://www.xwxwnjhpts.yom|92 320 45 23|650 988 580|96 649 53 83|862056|et magnis dis parturient montes, nascetur ridiculus mus. Aenean eget magna. Suspendisse tristique neque venenatis lacus. Etiam bibendum fermentum metus. Aenean sed pede nec ante blandit viverra. Donec tempus, lorem fringilla ornare placerat,
14|0|0|4|4|magna. Lorem ipsum dolor sit amet,|62215666-P|Jarrod Huff|Ap #792-332 Mauris Road|United States|CAE|Stevens Point|17549|justo.nec.ante@variusNam.org|http://www.fxajhndilw.xom|97 478 33 31|633 309 706|96 602 89 22|287703|ac, eleifend vitae, erat. Vivamus nisi. Mauris nulla. Integer urna. Vivamus molestie dapibus ligula. Aliquam erat volutpat. Nulla dignissim. Maecenas ornare egestas ligula. Nullam feugiat placerat velit. Quisque varius. Nam porttitor scelerisque neque. Nullam nisl. Maecenas malesuada fringilla est. Mauris eu turpis. Nulla aliquet. Proin velit. Sed malesuada augue ut lacus. Nulla tincidunt, neque vitae semper egestas, urna justo faucibus lectus, a sollicitudin orci sem eget massa. Suspendisse eleifend. Cras sed leo. Cras vehicula aliquet
15|1|1|2|4|semper pretium neque. Morbi quis urna. Nunc quis arcu vel|17050284-N|Yardley Gonzales|8768 Luctus St.|Puerto Rico|BC|Newport Beach|0012UF|risus.Quisque.libero@nequepellentesque.com|http://www.yrresqblqd.bom|95 486 41 26|652 674 402|93 496 36 35|428186|lobortis tellus justo sit amet nulla. Donec non justo. Proin non
16|1|7|8|9|enim. Suspendisse aliquet, sem ut|77589142-W|Colby Ramsey|P.O. Box 720, 6940 Magnis Street|American Samoa|ID|Hoover|OD3H 6FH|eget.tincidunt.dui@Incondimentum.ca|http://www.hbcituidwa.xom|95 067 80 75|658 985 014|97 615 91 63|938994|faucibus id, libero. Donec consectetuer mauris id sapien. Cras dolor dolor, tempus non, lacinia at, iaculis quis, pede. Praesent eu dui. Cum sociis natoque penatibus et magnis dis parturient montes, nascetur ridiculus mus. Aenean eget magna. Suspendisse tristique neque venenatis lacus. Etiam bibendum fermentum metus. Aenean sed pede nec
17|0|3|7|10|ultrices. Vivamus rhoncus. Donec est. Nunc ullamcorper, velit in|55552011-Z|Xander Orr|P.O. Box 833, 8141 Arcu. St.|Ecuador|Dr.|Rhinelander|5180RL|fermentum.convallis@temporest.ca|http://www.newqhrlobg.zom|90 335 07 24|618 609 242|90 978 49 61|305732|eu nibh vulputate mauris sagittis placerat. Cras dictum ultricies ligula. Nullam enim. Sed nulla ante, iaculis nec, eleifend non, dapibus rutrum, justo. Praesent luctus. Curabitur egestas nunc sed libero. Proin sed turpis nec mauris blandit mattis. Cras eget nisi dictum augue malesuada
18|1|4|8|8|Aliquam vulputate ullamcorper magna. Sed eu eros. Nam|10293601-H|Amos Bowen|656-4583 Donec Rd.|Bosnia and Herzegovina|Yukon|Temple City|34946|Etiam.ligula.tortor@Integervulputate.ca|http://www.ryagkkwwnh.vom|95 488 84 87|676 126 594|93 233 92 31|714273|lobortis augue scelerisque mollis. Phasellus libero mauris, aliquam eu, accumsan sed, facilisis vitae, orci. Phasellus dapibus quam quis diam. Pellentesque habitant morbi tristique senectus et netus et malesuada fames ac turpis egestas. Fusce aliquet magna a neque. Nullam ut nisi a odio semper cursus. Integer mollis. Integer tincidunt aliquam arcu. Aliquam ultrices iaculis odio. Nam interdum enim non nisi. Aenean eget metus. In nec orci. Donec nibh. Quisque nonummy ipsum non arcu. Vivamus sit amet risus.
19|1|2|3|3|Suspendisse ac metus vitae velit egestas lacinia. Sed congue,|16655332-N|Kuame Schmidt|508-8085 Egestas. Rd.|Nepal|Prince Edward Island|Beckley|8064SF|In.nec.orci@turpisAliquam.org|http://www.easshenxxh.vom|90 238 24 95|697 652 482|94 441 54 82|818463|eget ipsum. Suspendisse sagittis. Nullam vitae diam. Proin dolor. Nulla semper tellus id nunc interdum feugiat. Sed nec metus facilisis lorem tristique aliquet. Phasellus fermentum convallis ligula. Donec luctus aliquet odio. Etiam ligula tortor, dictum eu, placerat eget, venenatis a, magna. Lorem ipsum dolor sit amet, consectetuer adipiscing elit. Etiam laoreet, libero et tristique pellentesque, tellus sem mollis dui, in sodales elit erat vitae risus. Duis a mi fringilla mi lacinia mattis. Integer eu lacus. Quisque imperdiet, erat nonummy ultricies ornare, elit elit fermentum risus, at fringilla purus mauris a nunc. In at pede. Cras vulputate velit eu
20|1|9|0|5|pede, ultrices a, auctor non, feugiat nec, diam. Duis mi|87536134-V|Thomas Reed|P.O. Box 745, 1265 Ipsum Ave|Libyan Arab Jamahiriya|Shetland|Lomita|L2X 2T2|Integer.vulputate.risus@feugiatplacerat.org|http://www.mdyfeqirma.rom|91 047 89 27|696 988 617|95 712 22 14|494191|arcu ac orci. Ut semper pretium neque. Morbi quis urna. Nunc quis arcu vel quam dignissim pharetra. Nam ac nulla. In tincidunt congue turpis. In condimentum. Donec at arcu. Vestibulum ante ipsum primis in faucibus orci luctus et ultrices posuere cubilia Curae; Donec tincidunt. Donec vitae erat vel pede blandit congue. In scelerisque scelerisque dui. Suspendisse ac metus vitae velit egestas lacinia. Sed congue, elit sed consequat auctor, nunc nulla vulputate dui, nec tempus mauris erat eget ipsum. Suspendisse sagittis. Nullam vitae diam. Proin
21|0|3|8|8|tellus sem mollis dui, in sodales elit|20613319-G|Aladdin Salinas|Ap #485-9359 Laoreet St.|Papua New Guinea|HLD|Warner Robins|3944NQ|cursus.et.eros@estarcuac.edu|http://www.unazblxtcb.tom|99 615 06 51|688 032 590|94 775 52 54|386167|iaculis aliquet diam. Sed diam lorem, auctor quis, tristique ac, eleifend vitae, erat. Vivamus nisi. Mauris nulla. Integer urna. Vivamus molestie dapibus ligula. Aliquam erat volutpat. Nulla dignissim. Maecenas ornare egestas ligula. Nullam feugiat placerat velit. Quisque varius. Nam porttitor scelerisque neque. Nullam nisl. Maecenas malesuada fringilla est. Mauris eu turpis. Nulla aliquet. Proin velit. Sed malesuada augue ut lacus. Nulla tincidunt, neque vitae semper egestas, urna justo faucibus lectus, a sollicitudin orci sem eget massa. Suspendisse eleifend. Cras sed leo. Cras vehicula aliquet libero. Integer in magna. Phasellus dolor elit, pellentesque a, facilisis non, bibendum sed, est. Nunc
22|0|0|5|8|non lorem vitae odio sagittis|96151249-H|Rajah Emerson|330-4911 Aliquam Ave|Andorra|Middlesex|Huntington|4440PZ|senectus@Maurisblandit.edu|http://www.flzzsfltal.bom|93 956 72 00|674 515 107|99 481 63 06|132401|Aliquam nec enim. Nunc ut erat. Sed nunc est, mollis non, cursus non, egestas a, dui. Cras pellentesque. Sed dictum. Proin eget odio. Aliquam vulputate ullamcorper magna. Sed eu eros. Nam consequat dolor vitae dolor. Donec fringilla. Donec
23|1|3|6|8|lectus convallis est, vitae sodales nisi magna sed dui.|33264339-X|Hamish Horne|P.O. Box 106, 9888 Cras Rd.|Antigua and Barbuda|ON|South Gate|54286|Nunc.mauris.Morbi@elit.edu|http://www.xqqyduydvb.vom|91 215 85 76|656 199 068|93 705 67 15|863871|dui lectus rutrum urna, nec luctus felis purus ac tellus. Suspendisse sed dolor. Fusce mi lorem, vehicula et, rutrum eu, ultrices sit amet, risus. Donec nibh enim, gravida sit amet, dapibus id, blandit at, nisi. Cum sociis natoque penatibus et magnis dis parturient montes, nascetur ridiculus mus. Proin vel nisl. Quisque fringilla euismod enim. Etiam gravida molestie arcu. Sed eu nibh vulputate mauris sagittis placerat. Cras dictum ultricies ligula. Nullam enim. Sed nulla ante, iaculis nec, eleifend non, dapibus rutrum, justo. Praesent luctus. Curabitur egestas nunc sed libero. Proin sed turpis nec mauris blandit mattis.
24|1|8|6|8|nibh. Phasellus nulla. Integer vulputate, risus a ultricies adipiscing, enim|95642308-N|Ali Sears|Ap #892-4273 Mattis. Ave|Saint Lucia|Noord Brabant|El Paso|F6Z 7I4|montes.nascetur.ridiculus@lacusQuisque.edu|http://www.oqshipsbzt.nom|95 380 51 22|615 912 261|98 290 75 70|909223|dictum eu, placerat eget, venenatis a, magna. Lorem ipsum dolor sit amet, consectetuer adipiscing elit. Etiam laoreet, libero et tristique pellentesque, tellus sem mollis dui, in sodales elit erat vitae risus. Duis a mi fringilla mi lacinia mattis. Integer eu
25|1|3|6|5|fringilla, porttitor vulputate, posuere vulputate, lacus. Cras interdum. Nunc sollicitudin|38441767-R|Raphael Velez|P.O. Box 772, 7026 Commodo Rd.|Anguilla|N.-Br.|Clarksville|08293|nibh.Donec.est@sollicitudin.ca|http://www.tduqpwjhwd.vom|94 630 57 46|664 757 694|98 076 78 43|524842|ante ipsum primis in faucibus orci luctus et ultrices posuere cubilia Curae; Donec tincidunt. Donec vitae erat vel pede blandit congue. In scelerisque scelerisque dui. Suspendisse ac metus vitae velit egestas lacinia. Sed congue, elit
26|1|1|9|6|egestas nunc sed libero. Proin sed turpis nec|96061735-M|Wade Galloway|9718 Gravida. Av.|Switzerland|Worcestershire|Newark|EE1 1VF|imperdiet.non.vestibulum@euligulaAenean.org|http://www.mexqarpwef.nom|95 243 61 01|672 393 111|91 136 65 62|593494|risus, at fringilla purus mauris a nunc. In at pede. Cras vulputate velit eu sem. Pellentesque ut ipsum ac mi eleifend egestas. Sed pharetra, felis eget varius ultrices, mauris ipsum porta elit, a
27|0|4|0|9|nec ligula consectetuer rhoncus. Nullam velit dui, semper et, lacinia|33953136-L|Dane Warner|P.O. Box 717, 5644 Dignissim Road|Liberia|HI|Oxnard|66205|semper.egestas.urna@egestasAliquamnec.edu|http://www.djysubjiot.nom|95 781 01 16|630 392 350|97 217 45 61|384993|est, vitae sodales nisi magna sed dui. Fusce aliquam, enim nec tempus scelerisque, lorem ipsum sodales purus, in molestie tortor nibh sit amet orci. Ut sagittis lobortis mauris. Suspendisse aliquet molestie tellus. Aenean egestas hendrerit neque. In ornare sagittis felis. Donec tempor, est ac mattis semper, dui lectus rutrum urna, nec luctus felis purus ac tellus. Suspendisse sed dolor. Fusce mi lorem, vehicula et, rutrum eu, ultrices sit amet, risus. Donec nibh enim, gravida sit amet, dapibus id,
28|1|3|2|1|Integer aliquam adipiscing lacus. Ut nec urna et arcu imperdiet|00012652-Z|Kareem Maldonado|Ap #157-4379 Dis St.|South Africa|L.|Missoula|4755SS|nisl.Maecenas.malesuada@nec.com|http://www.voszfukapg.kom|90 203 63 93|683 039 716|91 365 22 21|461458|ante. Nunc mauris sapien, cursus in, hendrerit consectetuer, cursus et, magna. Praesent interdum ligula
29|0|6|9|8|orci lobortis augue scelerisque mollis. Phasellus libero mauris, aliquam|80719003-D|Hilel Dyer|549 Eget Rd.|United States Minor Outlying Islands|Virginia|Moreno Valley|32813|Proin.velit@eros.com|http://www.qrxwomuqkj.gom|95 109 29 88|655 273 409|98 343 91 28|755533|lobortis tellus justo sit amet nulla. Donec non justo. Proin non massa non ante bibendum ullamcorper. Duis cursus, diam at pretium aliquet, metus urna convallis erat, eget tincidunt dui augue eu tellus. Phasellus elit pede, malesuada vel, venenatis vel, faucibus id, libero. Donec consectetuer mauris id sapien. Cras dolor dolor, tempus non, lacinia at, iaculis quis, pede. Praesent eu dui. Cum sociis natoque penatibus et magnis dis parturient montes, nascetur ridiculus mus.
30|0|1|10|6|consequat dolor vitae dolor. Donec fringilla. Donec feugiat metus|65454300-O|Sebastian Hartman|874-2483 Et Avenue|Sao Tome and Principe|MB|Claremore|WU1 4FU|luctus.felis.purus@cursuseteros.edu|http://www.sgbqoywicb.hom|94 095 79 74|645 160 348|98 379 00 06|608580|rutrum eu, ultrices sit amet, risus. Donec nibh enim, gravida sit amet, dapibus id, blandit at, nisi. Cum sociis natoque penatibus et magnis dis parturient montes, nascetur ridiculus mus. Proin vel nisl. Quisque fringilla euismod enim. Etiam gravida molestie arcu. Sed eu nibh vulputate mauris sagittis placerat. Cras dictum ultricies ligula. Nullam enim. Sed nulla ante, iaculis nec, eleifend non, dapibus rutrum, justo. Praesent luctus. Curabitur egestas nunc sed libero. Proin sed turpis nec mauris blandit mattis. Cras eget nisi dictum augue malesuada malesuada. Integer id magna et ipsum cursus vestibulum. Mauris magna. Duis
31|1|0|6|1|lobortis, nisi nibh lacinia orci, consectetuer euismod|00407852-B|Calvin Franco|P.O. Box 410, 9086 Quis Rd.|Tuvalu|Gld.|Durham|TL67 9RM|enim.consequat.purus@nullamagnamalesuada.com|http://www.ciyhrvfyud.hom|93 645 07 25|647 226 873|90 523 65 38|326141|nec enim. Nunc ut erat. Sed nunc est, mollis non, cursus non, egestas a, dui. Cras pellentesque. Sed dictum. Proin eget odio. Aliquam
32|0|10|2|4|pede sagittis augue, eu tempor erat|98860417-P|Elvis Hartman|5174 Sit St.|Mexico|SK|Boise|5524KC|rutrum@lobortisrisus.com|http://www.dnrppmcenz.kom|91 140 56 18|607 331 842|93 946 00 26|630697|arcu ac orci. Ut semper pretium neque. Morbi quis urna. Nunc quis arcu vel quam dignissim pharetra. Nam ac nulla. In tincidunt congue turpis. In condimentum. Donec at arcu. Vestibulum ante ipsum primis in faucibus orci luctus et ultrices posuere cubilia Curae; Donec tincidunt. Donec vitae erat vel pede blandit congue. In scelerisque scelerisque dui. Suspendisse ac metus vitae velit egestas lacinia. Sed congue, elit sed consequat auctor, nunc nulla vulputate dui, nec tempus mauris erat eget ipsum. Suspendisse sagittis. Nullam
33|1|3|8|0|at risus. Nunc ac sem ut dolor|55417214-Q|Jack Mckenzie|7828 Accumsan Avenue|South Georgia and The South Sandwich Islands|Northwest Territories|Paterson|72828|sit.amet@Uttincidunt.org|http://www.agdpsammwv.xom|97 152 10 48|684 513 896|93 529 55 11|289995|libero. Donec consectetuer mauris id sapien. Cras dolor dolor, tempus non, lacinia at, iaculis quis, pede. Praesent eu dui. Cum sociis natoque
34|1|10|5|6|et magnis dis parturient montes, nascetur ridiculus mus. Aenean|19713508-E|Bradley Carlson|3891 Scelerisque St.|Netherlands|New Jersey|Lock Haven|0202FW|magna.tellus@molestiedapibus.com|http://www.pmoqojafmk.kom|90 868 46 30|604 316 500|91 445 08 17|525859|orci luctus et ultrices posuere cubilia Curae; Donec tincidunt. Donec vitae erat vel pede blandit congue. In scelerisque scelerisque dui. Suspendisse ac metus vitae velit egestas lacinia. Sed congue, elit sed consequat auctor, nunc nulla vulputate dui, nec tempus mauris erat eget ipsum. Suspendisse sagittis. Nullam vitae diam. Proin dolor. Nulla semper tellus id nunc
35|1|10|1|0|Fusce feugiat. Lorem ipsum dolor|79433447-T|Malik Hernandez|506-1706 A, Ave|Swaziland|OH|Myrtle Beach|68652|neque@velnislQuisque.org|http://www.meauwmgbig.hom|90 322 09 16|671 267 788|96 532 05 28|466763|quam quis diam. Pellentesque habitant morbi tristique senectus et netus et malesuada fames ac turpis egestas. Fusce aliquet magna a neque. Nullam ut nisi a odio semper cursus. Integer mollis. Integer tincidunt aliquam arcu. Aliquam ultrices iaculis odio. Nam interdum enim non nisi. Aenean eget metus. In nec orci. Donec nibh. Quisque nonummy ipsum non arcu. Vivamus sit amet risus. Donec egestas. Aliquam nec enim. Nunc ut erat. Sed nunc est, mollis non, cursus non, egestas a, dui. Cras
36|0|0|3|7|penatibus et magnis dis parturient|94686267-N|Declan Little|971-7282 Ornare, St.|Paraguay|Quebec|Hazleton|56793|dis.parturient@enimsit.com|http://www.doylshllzr.gom|92 188 44 98|647 314 341|90 034 29 46|717743|nec enim. Nunc ut erat. Sed nunc est, mollis non, cursus non, egestas a, dui. Cras pellentesque. Sed dictum. Proin eget odio. Aliquam vulputate ullamcorper magna. Sed eu eros. Nam consequat dolor vitae dolor. Donec fringilla. Donec feugiat metus sit amet ante. Vivamus non lorem vitae odio sagittis semper. Nam tempor diam dictum sapien. Aenean massa. Integer vitae nibh. Donec est mauris, rhoncus id, mollis nec, cursus a, enim. Suspendisse aliquet, sem ut cursus
37|0|7|8|3|nibh dolor, nonummy ac, feugiat non, lobortis quis, pede. Suspendisse|17466213-R|Darius Sheppard|1194 Aliquet Ave|Slovakia|ND|Burlington|M2N 6AY|ullamcorper@accumsan.edu|http://www.xsxzlwcgfr.hom|94 694 27 66|630 987 080|97 057 92 69|726774|Phasellus libero mauris, aliquam eu, accumsan sed, facilisis vitae, orci. Phasellus dapibus quam quis diam. Pellentesque habitant morbi tristique senectus et netus et malesuada fames ac turpis egestas. Fusce aliquet magna a neque. Nullam ut nisi a odio semper cursus. Integer mollis. Integer tincidunt aliquam arcu. Aliquam ultrices iaculis odio. Nam interdum enim non nisi. Aenean eget metus. In
38|1|8|7|2|ridiculus mus. Proin vel arcu eu|27603334-H|Dante Cherry|P.O. Box 976, 1817 Morbi St.|Saint Kitts and Nevis|Orkney|Pocatello|92068|at@vitae.com|http://www.ksqsvwrapk.fom|95 822 84 95|637 458 139|91 546 91 26|991699|Aenean gravida nunc sed pede. Cum sociis natoque penatibus et magnis dis parturient montes, nascetur ridiculus
39|1|7|8|1|cursus et, magna. Praesent interdum ligula|45484922-K|Orlando Calhoun|P.O. Box 756, 6686 Tempor St.|Malta|Oxfordshire|Fredericksburg|59213|non@vel.ca|http://www.sbyhfbzwpi.nom|93 970 53 68|675 467 509|91 229 93 82|589945|sem, consequat nec, mollis vitae, posuere at, velit. Cras lorem lorem, luctus ut, pellentesque eget, dictum placerat, augue. Sed molestie. Sed id risus quis diam luctus lobortis. Class aptent taciti sociosqu ad litora torquent per conubia nostra, per inceptos hymenaeos. Mauris ut quam vel sapien imperdiet ornare. In faucibus. Morbi vehicula. Pellentesque tincidunt tempus risus. Donec egestas. Duis ac arcu. Nunc mauris. Morbi non sapien molestie orci tincidunt adipiscing. Mauris molestie pharetra nibh. Aliquam ornare, libero at auctor ullamcorper, nisl arcu iaculis enim, sit amet ornare lectus justo eu arcu. Morbi sit amet massa. Quisque porttitor eros
40|0|6|6|9|Suspendisse sed dolor. Fusce mi lorem, vehicula et, rutrum eu,|68005971-I|Hashim Vaughn|9939 Enim Road|Reunion|YT|Irving|32301|netus.et@iaculisenimsit.ca|http://www.vqhtntpnls.mom|91 121 10 36|632 965 979|99 428 28 19|449394|Duis dignissim tempor arcu. Vestibulum ut eros non enim commodo hendrerit. Donec porttitor tellus non magna. Nam ligula elit, pretium et, rutrum non, hendrerit id, ante. Nunc mauris sapien, cursus in, hendrerit consectetuer, cursus et, magna. Praesent interdum ligula eu enim. Etiam imperdiet dictum magna. Ut tincidunt orci quis lectus. Nullam suscipit, est ac facilisis facilisis, magna tellus faucibus leo, in lobortis tellus justo sit amet nulla. Donec non justo. Proin non massa non ante bibendum ullamcorper. Duis cursus, diam at pretium aliquet, metus urna convallis erat, eget tincidunt
41|1|3|3|3|nec luctus felis purus ac tellus. Suspendisse sed|66660202-F|Mannix Santana|Ap #224-8155 Mauris, Road|Virgin Islands, U.S.|AB|Glens Falls|8405ET|Curabitur.ut@egetvariusultrices.org|http://www.mquwkyrjxt.gom|90 740 45 34|602 917 093|95 711 17 90|245873|nascetur ridiculus mus. Donec dignissim magna a tortor. Nunc commodo auctor velit. Aliquam nisl. Nulla eu neque pellentesque massa lobortis ultrices. Vivamus rhoncus. Donec est. Nunc ullamcorper, velit in aliquet lobortis, nisi nibh lacinia orci, consectetuer euismod est arcu ac orci. Ut semper pretium neque. Morbi quis urna. Nunc quis arcu vel quam dignissim pharetra. Nam ac nulla. In tincidunt congue turpis. In condimentum. Donec at arcu. Vestibulum ante ipsum primis in faucibus orci luctus et ultrices posuere cubilia Curae; Donec tincidunt. Donec vitae erat vel pede blandit
42|1|8|5|8|eget, dictum placerat, augue. Sed molestie. Sed id risus|18772184-B|Zachery Davidson|Ap #651-6314 Dui. Avenue|Norway|Quebec|Gold Beach|13000|imperdiet.ornare.In@magnis.ca|http://www.eqzhonxeer.zom|96 382 94 32|641 472 480|97 974 13 44|899244|nascetur ridiculus mus. Proin vel arcu eu odio tristique pharetra. Quisque ac libero nec ligula consectetuer rhoncus. Nullam velit dui, semper et, lacinia vitae, sodales at, velit. Pellentesque ultricies dignissim lacus. Aliquam rutrum lorem ac risus. Morbi metus. Vivamus euismod urna. Nullam lobortis quam a felis ullamcorper viverra. Maecenas iaculis aliquet diam. Sed diam lorem, auctor quis, tristique ac, eleifend vitae, erat. Vivamus nisi. Mauris nulla. Integer urna. Vivamus molestie dapibus ligula. Aliquam erat volutpat. Nulla dignissim. Maecenas ornare egestas ligula. Nullam feugiat placerat velit. Quisque varius. Nam porttitor scelerisque neque. Nullam nisl. Maecenas malesuada fringilla est. Mauris eu
43|0|1|0|0|sollicitudin orci sem eget massa. Suspendisse eleifend. Cras sed|99332684-C|Luke Prince|3142 Vestibulum. Rd.|Iceland|Utrecht|Santa Monica|8177ED|sed@Integersemelit.ca|http://www.wpslbntmao.bom|98 896 03 45|663 740 851|93 313 27 06|822899|Maecenas ornare egestas ligula. Nullam feugiat placerat velit. Quisque varius. Nam porttitor scelerisque neque. Nullam nisl. Maecenas malesuada fringilla est. Mauris eu turpis. Nulla aliquet. Proin velit. Sed malesuada augue ut lacus. Nulla tincidunt, neque vitae semper egestas, urna justo faucibus lectus, a sollicitudin orci sem eget massa. Suspendisse eleifend. Cras sed leo. Cras vehicula aliquet libero. Integer
44|0|6|10|3|erat eget ipsum. Suspendisse sagittis. Nullam vitae|21855328-C|Oscar Vincent|P.O. Box 419, 7132 Posuere, Road|Djibouti|YT|Santa Clarita|2653OE|tortor.at.risus@egetvenenatis.edu|http://www.fsaovjgbbf.bom|97 889 88 77|620 484 993|98 419 68 92|672841|enim nec tempus scelerisque, lorem ipsum sodales purus, in molestie tortor nibh sit amet orci. Ut sagittis lobortis mauris. Suspendisse aliquet molestie tellus. Aenean egestas hendrerit neque. In ornare sagittis felis. Donec tempor, est ac
45|1|3|7|8|nec luctus felis purus ac|50348069-M|Hayden Gardner|Ap #385-8764 In Road|Sao Tome and Principe|HI|Radford|UK2W 7QS|adipiscing.Mauris.molestie@etultrices.org|http://www.yrepzakfoz.jom|93 275 14 47|628 016 683|99 456 42 80|319060|urna justo faucibus lectus, a sollicitudin orci sem eget massa. Suspendisse eleifend. Cras sed leo. Cras vehicula aliquet libero. Integer in magna. Phasellus dolor elit, pellentesque a, facilisis non, bibendum sed, est. Nunc laoreet lectus quis massa. Mauris vestibulum, neque sed dictum eleifend, nunc risus varius orci, in consequat enim diam vel arcu. Curabitur ut odio vel est tempor bibendum. Donec felis orci, adipiscing non, luctus sit amet, faucibus ut, nulla. Cras eu tellus eu augue porttitor interdum. Sed auctor odio a purus. Duis elementum, dui quis accumsan
46|0|4|4|8|id, libero. Donec consectetuer mauris id sapien. Cras dolor|52797526-P|Garrison Doyle|Ap #267-7171 Mollis Street|Costa Rica|BC|Williamsport|76404|magna.Lorem@sociis.com|http://www.pbrvhhaanx.fom|99 536 19 81|697 862 806|96 030 63 75|730540|Integer id magna et ipsum cursus vestibulum. Mauris magna. Duis dignissim tempor
47|1|5|5|9|metus eu erat semper rutrum. Fusce dolor quam,|22110218-C|Preston Brewer|5505 Ornare, Av.|Uganda|Central|Tuscaloosa|U4F 9Q3|Nunc@feugiatnec.org|http://www.scrqykewnu.mom|99 061 43 03|648 768 300|90 636 34 29|441130|Mauris quis turpis vitae purus gravida sagittis. Duis gravida. Praesent eu nulla at sem molestie sodales. Mauris blandit enim consequat purus. Maecenas libero est, congue a, aliquet vel, vulputate eu, odio. Phasellus at augue id ante dictum cursus. Nunc mauris elit, dictum eu, eleifend nec, malesuada ut, sem. Nulla interdum. Curabitur dictum. Phasellus in felis. Nulla tempor augue ac ipsum. Phasellus vitae mauris sit amet lorem semper auctor. Mauris vel turpis. Aliquam adipiscing lobortis risus.
48|0|2|10|7|metus eu erat semper rutrum. Fusce|34465813-P|Rashad England|120-4907 Fusce Av.|Pakistan|LAN|Tonawanda|1975LK|egestas@consequatenim.ca|http://www.jsveavrrmn.vom|94 331 30 02|641 226 667|99 218 58 67|886008|enim diam vel arcu. Curabitur ut odio vel est tempor bibendum. Donec felis orci, adipiscing non, luctus sit amet, faucibus ut, nulla. Cras eu tellus eu augue porttitor interdum. Sed auctor odio a purus. Duis elementum, dui quis accumsan convallis, ante lectus convallis est, vitae sodales nisi magna sed dui. Fusce
49|1|10|10|4|pede, ultrices a, auctor non, feugiat nec,|65675926-D|Hunter French|P.O. Box 778, 4020 Lacus. St.|Chile|Fr.|Montebello|94541|nec@est.org|http://www.exyzbzsmdh.mom|91 420 14 56|664 609 121|90 267 45 63|627525|est, mollis non, cursus non, egestas a, dui. Cras pellentesque. Sed dictum. Proin eget odio. Aliquam vulputate ullamcorper magna. Sed eu eros. Nam consequat dolor vitae dolor. Donec fringilla. Donec feugiat metus sit amet ante. Vivamus non lorem vitae odio sagittis semper. Nam tempor diam dictum sapien. Aenean massa. Integer vitae nibh. Donec est mauris, rhoncus id, mollis nec, cursus a, enim. Suspendisse aliquet, sem ut cursus
50|0|8|4|5|fringilla cursus purus. Nullam scelerisque neque sed sem egestas blandit.|70916670-H|Slade Ware|P.O. Box 543, 3534 Augue St.|Philippines|IL|Farrell|2503MG|vitae.dolor.Donec@non.com|http://www.wxuzzhisnc.yom|93 279 55 11|694 607 126|92 267 15 51|572500|Mauris vestibulum, neque sed dictum eleifend, nunc risus varius orci, in consequat enim diam vel arcu. Curabitur ut odio vel est tempor bibendum. Donec felis orci, adipiscing non, luctus sit amet, faucibus ut, nulla. Cras eu tellus eu augue porttitor interdum. Sed auctor odio a purus. Duis elementum, dui quis accumsan convallis, ante lectus convallis est, vitae sodales nisi magna sed dui. Fusce aliquam, enim nec tempus scelerisque, lorem ipsum sodales purus, in molestie tortor nibh sit amet orci. Ut sagittis lobortis mauris.
51|0|3|5|1|Donec luctus aliquet odio. Etiam ligula tortor, dictum eu,|86248432-E|Graham Baker|Ap #670-9855 Odio Ave|Guatemala|HUN|Worcester|70633|Donec@nequeseddictum.com|http://www.zvlhneynnh.som|94 198 77 47|602 408 849|99 233 21 75|746968|a, facilisis non, bibendum sed, est. Nunc laoreet lectus quis massa. Mauris vestibulum, neque sed dictum eleifend, nunc risus varius orci, in consequat enim diam vel arcu. Curabitur ut odio vel est tempor bibendum. Donec felis orci, adipiscing non, luctus sit amet, faucibus ut, nulla. Cras eu tellus eu augue porttitor interdum. Sed auctor odio a purus. Duis elementum, dui quis accumsan convallis, ante lectus convallis est, vitae sodales nisi magna sed dui. Fusce aliquam, enim nec tempus scelerisque, lorem ipsum sodales purus, in molestie tortor nibh sit amet orci. Ut sagittis lobortis mauris. Suspendisse aliquet
52|0|5|7|9|turpis egestas. Aliquam fringilla cursus purus. Nullam scelerisque neque sed|87651464-X|Matthew Ferguson|P.O. Box 702, 3460 Condimentum. St.|Mexico|Kinross-shire|Dover|D04 8TB|purus.Maecenas.libero@orcisemeget.edu|http://www.jrulxmummi.hom|93 370 84 31|604 252 952|91 262 63 00|338679|pharetra, felis eget varius ultrices, mauris ipsum porta elit, a feugiat tellus lorem eu metus. In lorem. Donec elementum, lorem ut aliquam iaculis, lacus pede sagittis augue, eu tempor erat neque non quam. Pellentesque habitant morbi tristique senectus et netus et malesuada fames ac turpis egestas. Aliquam fringilla cursus purus. Nullam scelerisque neque sed
53|1|10|2|10|id, ante. Nunc mauris sapien, cursus|73417611-V|Neil Higgins|Ap #925-5721 Pellentesque, Street|Guam|WYK|Newburyport|Y84 3JO|sem@felisNullatempor.ca|http://www.lppthmirqm.kom|97 734 80 01|679 912 373|92 450 91 66|478911|non leo. Vivamus nibh dolor, nonummy ac, feugiat non, lobortis quis, pede. Suspendisse dui. Fusce diam nunc, ullamcorper eu, euismod ac, fermentum vel, mauris.
54|0|8|4|5|mauris elit, dictum eu, eleifend nec, malesuada ut,|89099179-C|Todd Dejesus|Ap #760-1259 Felis Rd.|Azerbaijan|MLN|Inglewood|Z3Z 9G8|eu.turpis.Nulla@Aliquamfringilla.org|http://www.ncyeqrhsmh.xom|99 946 51 06|639 929 118|95 760 27 04|448689|sit amet ultricies sem magna nec quam. Curabitur vel lectus. Cum sociis natoque penatibus et magnis dis parturient montes, nascetur ridiculus mus. Donec dignissim magna a tortor. Nunc commodo auctor velit. Aliquam nisl. Nulla eu neque pellentesque massa lobortis ultrices. Vivamus rhoncus. Donec est. Nunc ullamcorper, velit in aliquet lobortis, nisi nibh lacinia orci, consectetuer euismod est arcu ac orci. Ut semper pretium neque. Morbi quis urna. Nunc quis arcu vel quam dignissim pharetra. Nam
55|0|2|10|10|pharetra ut, pharetra sed, hendrerit a,|47568297-D|Dante Park|Ap #929-2100 Quisque Road|Chile|Drenthe|York|1589DM|lacus.Aliquam.rutrum@Nullamsuscipit.com|http://www.thvevtjztv.yom|98 725 36 59|607 587 635|90 815 54 37|345593|nec enim. Nunc ut erat. Sed nunc est, mollis non, cursus non, egestas a, dui. Cras pellentesque. Sed dictum.
56|0|9|10|2|neque pellentesque massa lobortis ultrices. Vivamus rhoncus. Donec est.|42008006-O|Wade Henderson|2342 Neque. Street|Cambodia|Kincardineshire|Caguas|3717AG|mi.tempor.lorem@volutpat.org|http://www.vvyadxghaz.zom|96 044 20 63|649 066 094|99 234 01 40|327648|eget, ipsum. Donec sollicitudin adipiscing ligula. Aenean gravida nunc sed pede. Cum sociis natoque penatibus et magnis dis parturient montes, nascetur ridiculus mus. Proin vel arcu eu odio tristique pharetra. Quisque ac libero nec ligula consectetuer rhoncus. Nullam
57|1|3|3|5|lacus. Nulla tincidunt, neque vitae semper egestas, urna justo faucibus|94690949-A|Caleb Moore|P.O. Box 128, 3196 Iaculis St.|Holy See (Vatican City State)|Zeeland|Mount Vernon|54701|Donec.nibh.Quisque@sit.edu|http://www.cksfnufvet.fom|96 654 82 74|635 083 091|91 032 17 93|360393|gravida sit amet, dapibus id, blandit at, nisi. Cum sociis natoque penatibus et magnis dis parturient montes, nascetur ridiculus mus. Proin vel nisl. Quisque fringilla euismod enim. Etiam gravida molestie arcu. Sed eu nibh vulputate mauris sagittis placerat. Cras dictum ultricies ligula. Nullam enim. Sed nulla ante, iaculis nec, eleifend non, dapibus rutrum, justo. Praesent luctus. Curabitur egestas nunc sed libero. Proin sed turpis nec mauris blandit mattis. Cras eget nisi dictum augue malesuada malesuada. Integer id magna et ipsum
58|0|10|2|2|nunc ac mattis ornare, lectus ante dictum mi,|81818344-J|Denton Simpson|6237 Amet, St.|Costa Rica|SK|Merizo|8236JF|Fusce.mollis.Duis@adlitora.org|http://www.xooitoyyxv.jom|90 695 21 08|659 095 413|96 663 51 99|907556|quam. Pellentesque habitant morbi tristique senectus et netus et malesuada fames ac turpis egestas. Aliquam fringilla cursus purus. Nullam scelerisque neque sed sem egestas blandit. Nam nulla magna, malesuada vel, convallis in, cursus et, eros. Proin ultrices. Duis volutpat nunc sit amet metus. Aliquam erat volutpat. Nulla facilisis. Suspendisse commodo tincidunt nibh. Phasellus
59|1|4|7|1|Vivamus molestie dapibus ligula. Aliquam erat volutpat.|09620589-P|Plato Lewis|7295 Libero Avenue|Niger|BC|Hollywood|OK0Q 3TW|arcu.Nunc@variusorci.ca|http://www.lzyjwraiug.zom|98 353 38 21|646 100 994|92 591 08 03|755743|vitae, erat. Vivamus nisi. Mauris nulla. Integer urna. Vivamus molestie dapibus ligula. Aliquam erat volutpat. Nulla dignissim. Maecenas ornare egestas ligula. Nullam feugiat placerat velit. Quisque varius. Nam porttitor scelerisque neque. Nullam nisl. Maecenas malesuada fringilla est. Mauris eu turpis. Nulla aliquet. Proin velit. Sed malesuada augue ut lacus. Nulla tincidunt, neque vitae semper egestas, urna justo faucibus lectus, a sollicitudin orci sem eget massa. Suspendisse eleifend. Cras sed leo. Cras vehicula aliquet libero. Integer in magna. Phasellus
60|0|5|6|0|velit eget laoreet posuere, enim nisl elementum|56349485-R|Wayne Mccoy|P.O. Box 884, 4748 Iaculis Av.|Virgin Islands, U.S.|MEA|Greensboro|SW2J 2RI|Cras.eget.nisi@dolorelitpellentesque.org|http://www.mbknywnyjj.bom|92 984 61 32|681 524 151|97 452 96 64|603066|Nunc sollicitudin commodo ipsum. Suspendisse non leo. Vivamus nibh dolor, nonummy ac, feugiat non, lobortis quis, pede. Suspendisse dui. Fusce diam nunc, ullamcorper eu, euismod ac, fermentum vel, mauris. Integer sem elit, pharetra ut, pharetra sed, hendrerit a, arcu. Sed et libero. Proin mi. Aliquam gravida mauris ut mi. Duis risus odio, auctor vitae, aliquet nec, imperdiet nec,
61|0|9|3|5|ullamcorper, nisl arcu iaculis enim,|35858140-R|Martin Hobbs|Ap #653-7246 Suspendisse Street|Burkina Faso|CO|Waterbury|0765QE|nonummy.ultricies@semeget.com|http://www.gvjmkzfoww.jom|93 964 04 35|674 249 853|96 171 36 58|121919|arcu. Aliquam ultrices iaculis odio. Nam interdum enim non nisi. Aenean eget metus. In nec orci. Donec nibh. Quisque nonummy ipsum non arcu. Vivamus sit amet risus. Donec egestas. Aliquam nec enim. Nunc ut erat. Sed nunc est, mollis non, cursus non, egestas a, dui. Cras pellentesque. Sed dictum. Proin eget odio. Aliquam vulputate ullamcorper magna. Sed eu eros. Nam
62|1|4|10|9|mi felis, adipiscing fringilla, porttitor vulputate, posuere vulputate, lacus.|52006580-V|Cullen Alston|455-9973 Nisi Av.|Cape Verde|Flevoland|Brookfield|9281GW|fermentum.risus.at@Crasvulputate.org|http://www.xvitfstjhd.fom|94 391 73 20|661 243 521|93 999 87 25|965267|ullamcorper, nisl arcu iaculis enim, sit amet ornare lectus justo eu arcu. Morbi sit amet massa. Quisque porttitor eros nec tellus. Nunc lectus pede, ultrices a, auctor non, feugiat nec, diam. Duis mi enim, condimentum eget, volutpat ornare, facilisis eget, ipsum. Donec sollicitudin adipiscing ligula. Aenean gravida nunc sed pede. Cum sociis natoque penatibus et magnis dis parturient montes, nascetur ridiculus mus. Proin vel arcu eu odio tristique pharetra. Quisque ac libero nec ligula consectetuer rhoncus. Nullam velit dui, semper et, lacinia vitae, sodales at, velit. Pellentesque ultricies dignissim lacus. Aliquam rutrum lorem ac risus. Morbi metus. Vivamus euismod urna.
63|0|3|4|5|vulputate velit eu sem. Pellentesque ut ipsum ac mi|49571533-V|Reed Patton|6775 Dignissim St.|Angola|Isle of Wight|San Bernardino|H9A 7W5|quam.quis@neque.com|http://www.yrditzzusp.rom|91 506 38 45|697 594 358|94 678 64 09|259856|mattis ornare, lectus ante dictum mi, ac mattis velit justo
64|1|7|5|6|eu erat semper rutrum. Fusce dolor quam, elementum at, egestas|65449946-N|Ivor Brooks|P.O. Box 398, 7224 Lacus, St.|Saint Lucia|Fr.|West Haven|88542|velit@arcu.edu|http://www.sbfqcfyvye.fom|91 444 67 76|646 422 853|92 793 49 50|169936|tincidunt pede ac urna. Ut tincidunt vehicula risus. Nulla eget metus eu erat semper rutrum. Fusce dolor quam, elementum at, egestas a, scelerisque sed, sapien. Nunc pulvinar arcu et pede. Nunc sed orci lobortis augue scelerisque mollis. Phasellus libero mauris, aliquam eu, accumsan sed, facilisis vitae, orci. Phasellus dapibus quam quis diam. Pellentesque habitant morbi tristique senectus et netus et malesuada fames ac turpis egestas. Fusce aliquet magna a neque. Nullam ut nisi a odio semper cursus. Integer
65|1|7|2|0|faucibus leo, in lobortis tellus justo sit amet nulla.|52220877-I|Alexander Bates|555-2757 Primis Rd.|Gabon|Limburg|Tonawanda|7690XE|aliquet@metusAliquamerat.edu|http://www.yximiwtqsm.yom|91 233 15 21|699 789 690|94 995 88 93|278702|Aliquam vulputate ullamcorper magna. Sed eu eros. Nam consequat dolor vitae dolor. Donec fringilla. Donec feugiat metus sit amet ante. Vivamus non lorem vitae odio sagittis semper. Nam tempor diam dictum sapien. Aenean massa. Integer vitae nibh. Donec est mauris, rhoncus id, mollis nec, cursus a, enim. Suspendisse aliquet, sem ut cursus luctus, ipsum leo elementum sem, vitae aliquam eros turpis non enim. Mauris quis turpis vitae purus gravida sagittis. Duis gravida. Praesent eu nulla at sem molestie
66|1|5|6|8|ipsum. Curabitur consequat, lectus sit amet luctus vulputate,|09062151-Z|Forrest Clarke|197-2691 Lacus. Road|Croatia|BC|Saukville|41941|sociis.natoque@mauris.ca|http://www.hnaywhbdmt.hom|95 378 63 04|659 968 374|99 168 41 83|972364|orci, in consequat enim diam vel arcu. Curabitur ut odio vel est tempor bibendum. Donec felis orci, adipiscing
67|0|6|1|3|urna, nec luctus felis purus ac|00130699-N|Kenneth Spence|865-5138 Aliquam Road|United Kingdom|YT|Chester|3443PX|adipiscing.lobortis@telluseuaugue.org|http://www.kipuqmhpdf.rom|96 561 27 32|616 660 255|94 391 72 75|948853|Aliquam fringilla cursus purus. Nullam scelerisque neque sed sem egestas blandit. Nam nulla magna, malesuada vel, convallis in, cursus et, eros. Proin ultrices. Duis volutpat nunc sit amet metus. Aliquam
68|1|3|1|1|eu tellus. Phasellus elit pede, malesuada vel, venenatis vel, faucibus|81955171-T|Hoyt Dodson|3713 Euismod St.|Jordan|SSX|Lubbock|68449|morbi@utodio.ca|http://www.rehxdjrnuk.bom|90 438 48 59|663 647 140|92 950 67 35|868337|id ante dictum cursus. Nunc mauris elit, dictum eu, eleifend nec, malesuada ut, sem. Nulla interdum. Curabitur dictum. Phasellus in felis. Nulla tempor augue ac ipsum. Phasellus vitae mauris sit amet lorem semper auctor. Mauris vel turpis. Aliquam adipiscing lobortis risus. In mi pede, nonummy ut, molestie in, tempus eu, ligula. Aenean euismod mauris eu elit. Nulla facilisi. Sed neque. Sed eget lacus. Mauris non dui nec urna suscipit nonummy. Fusce fermentum fermentum
69|0|5|6|4|neque. Nullam ut nisi a odio semper cursus.|64549413-D|Lucian Boone|P.O. Box 529, 652 Donec St.|Papua New Guinea|Dumfries and Galloway|Bakersfield|50605|enim@odio.com|http://www.fzkmcoydgm.vom|96 399 83 59|635 532 593|95 978 17 26|812319|enim. Etiam imperdiet dictum magna. Ut tincidunt orci quis lectus. Nullam suscipit, est ac facilisis facilisis, magna tellus faucibus leo, in lobortis tellus justo sit amet nulla. Donec non justo. Proin non massa non ante bibendum ullamcorper. Duis cursus, diam at pretium aliquet, metus urna convallis erat, eget tincidunt dui augue eu tellus. Phasellus elit pede, malesuada vel, venenatis vel, faucibus id, libero. Donec consectetuer mauris id sapien. Cras dolor dolor, tempus non, lacinia at, iaculis quis, pede. Praesent eu dui. Cum sociis natoque penatibus
70|1|0|1|8|a, facilisis non, bibendum sed, est. Nunc laoreet lectus|76301237-T|Octavius Underwood|855-6373 Massa. Rd.|Anguilla|Zld.|Taunton|Q6Y 3Y9|Praesent.eu@Maurisblandit.ca|http://www.ccftjbkktf.dom|97 665 81 30|630 623 527|97 696 70 84|454690|dui, in sodales elit erat vitae risus. Duis a mi fringilla mi lacinia mattis. Integer eu lacus. Quisque imperdiet, erat nonummy ultricies ornare, elit elit fermentum risus, at fringilla purus mauris a nunc. In at pede. Cras vulputate velit eu sem. Pellentesque ut ipsum ac mi eleifend egestas. Sed pharetra, felis eget varius ultrices, mauris ipsum porta elit, a feugiat tellus lorem eu metus. In lorem. Donec elementum, lorem ut aliquam iaculis, lacus pede sagittis augue, eu tempor erat neque non quam. Pellentesque habitant morbi tristique senectus et netus et malesuada fames ac turpis egestas.
71|1|7|0|10|blandit congue. In scelerisque scelerisque dui. Suspendisse|69573503-E|Derek Moody|533-1283 Tempus Rd.|Greece|ROS|Nogales|0909LV|adipiscing@sitametnulla.edu|http://www.dgyrqluzop.kom|95 804 06 11|611 021 504|95 807 02 66|923312|amet, faucibus ut, nulla. Cras eu tellus eu augue porttitor interdum. Sed auctor odio a purus. Duis elementum, dui
72|1|7|0|2|dictum mi, ac mattis velit justo|37998100-F|Drew Chavez|Ap #377-2287 Ipsum. Road|Nauru|SHI|Little Rock|73242|nisl@lectuspede.com|http://www.ppmjybrers.lom|95 433 27 07|619 542 974|92 175 83 01|398624|augue, eu tempor erat neque non quam. Pellentesque habitant morbi tristique senectus et netus et malesuada fames ac turpis egestas. Aliquam fringilla
73|0|9|6|9|eget metus eu erat semper rutrum. Fusce|27398107-Q|Kieran Barrett|Ap #874-5839 Sit Road|Fiji|AGY|Laguna Hills|8066JP|Suspendisse.aliquet@NullafacilisiSed.edu|http://www.hgtrupgbaq.tom|95 271 62 66|665 631 095|94 676 90 36|812017|tristique senectus et netus et malesuada fames ac turpis egestas. Aliquam fringilla cursus purus. Nullam scelerisque neque sed sem egestas blandit. Nam nulla magna, malesuada vel, convallis in, cursus et, eros. Proin ultrices. Duis volutpat nunc sit amet metus. Aliquam erat volutpat. Nulla facilisis. Suspendisse commodo tincidunt nibh. Phasellus nulla. Integer vulputate, risus a ultricies adipiscing, enim mi tempor lorem, eget mollis lectus pede et risus. Quisque libero lacus, varius et, euismod et, commodo at, libero. Morbi accumsan laoreet ipsum. Curabitur consequat, lectus sit amet luctus vulputate, nisi sem semper erat, in consectetuer ipsum nunc id
74|1|10|6|6|convallis ligula. Donec luctus aliquet odio. Etiam ligula|36453028-S|Kieran Wong|Ap #279-1912 Euismod Rd.|France|ND|Bowling Green|P08 3KM|eu.tellus@dolorFuscemi.edu|http://www.imwwabbiwf.rom|90 971 67 28|628 811 268|97 438 78 76|863305|Suspendisse tristique neque venenatis lacus. Etiam bibendum fermentum metus. Aenean sed pede nec ante blandit viverra. Donec tempus, lorem fringilla ornare placerat, orci lacus vestibulum lorem, sit amet ultricies sem magna nec quam. Curabitur vel lectus. Cum sociis natoque penatibus et magnis dis parturient montes, nascetur ridiculus mus. Donec dignissim magna a tortor. Nunc commodo auctor velit. Aliquam nisl. Nulla eu neque pellentesque massa lobortis ultrices. Vivamus rhoncus. Donec est. Nunc ullamcorper, velit in aliquet lobortis, nisi nibh lacinia orci, consectetuer
75|0|7|9|8|quam. Pellentesque habitant morbi tristique senectus et netus et|58421350-G|Oleg Contreras|P.O. Box 338, 7971 Vel Road|Guinea-bissau|Nunavut|Frederiksted|A6P 8C8|odio.vel.est@nislelementum.org|http://www.fffpfmjppy.vom|94 081 90 46|604 263 353|98 034 25 68|771885|lobortis risus. In mi pede, nonummy ut, molestie in, tempus eu, ligula. Aenean euismod mauris eu elit. Nulla facilisi. Sed neque. Sed eget lacus.
76|0|8|1|1|orci luctus et ultrices posuere cubilia|94109813-E|Randall Poole|P.O. Box 424, 4246 Nunc Road|Honduras|ON|La Jolla|S1C 2G1|Sed@Sed.com|http://www.bevlgfwqbn.pom|95 922 62 74|634 546 767|98 811 93 03|639043|Mauris vel turpis. Aliquam adipiscing lobortis risus. In mi pede, nonummy ut, molestie in, tempus eu, ligula. Aenean euismod mauris eu elit. Nulla facilisi. Sed neque. Sed eget lacus. Mauris
77|0|3|7|8|velit. Aliquam nisl. Nulla eu neque pellentesque massa lobortis ultrices.|01329863-K|Basil Andrews|Ap #134-5913 Turpis Ave|Timor-leste|Nova Scotia|Revere|64878|vel@diamProindolor.edu|http://www.bwbfougdrm.rom|99 757 16 89|636 585 367|90 340 43 16|913524|euismod et, commodo at, libero. Morbi accumsan laoreet ipsum. Curabitur consequat, lectus sit amet luctus vulputate, nisi sem semper erat, in consectetuer ipsum nunc id enim. Curabitur massa. Vestibulum accumsan neque et nunc. Quisque ornare tortor at risus. Nunc ac sem ut dolor dapibus gravida. Aliquam tincidunt, nunc ac mattis ornare, lectus ante dictum mi, ac mattis velit justo nec ante. Maecenas mi felis, adipiscing fringilla, porttitor vulputate, posuere vulputate, lacus. Cras interdum. Nunc sollicitudin commodo ipsum. Suspendisse non leo. Vivamus nibh dolor, nonummy ac, feugiat non, lobortis quis, pede. Suspendisse dui. Fusce
78|0|6|4|7|turpis vitae purus gravida sagittis. Duis gravida.|22380227-V|Beau Francis|P.O. Box 258, 1737 Aliquet Av.|Madagascar|Idaho|Superior|JV76 1QQ|Quisque.libero@egetipsum.ca|http://www.rmusrygxoc.hom|98 851 64 72|676 038 602|95 465 01 38|793759|Fusce dolor quam, elementum at, egestas a, scelerisque sed, sapien. Nunc pulvinar arcu et pede. Nunc sed orci lobortis augue scelerisque mollis. Phasellus libero mauris, aliquam eu, accumsan sed, facilisis vitae, orci. Phasellus
79|1|8|1|10|tortor. Integer aliquam adipiscing lacus. Ut nec urna et|47685962-Y|Armando Baird|273-5263 Venenatis St.|United Kingdom|Dr.|Cary|8585HT|urna@egestasligula.edu|http://www.mkuptzdrtt.tom|98 151 60 22|640 836 008|93 524 06 26|447726|dui. Suspendisse ac metus vitae velit egestas lacinia. Sed congue, elit sed consequat auctor, nunc nulla vulputate dui, nec tempus mauris erat eget ipsum. Suspendisse sagittis. Nullam vitae diam. Proin dolor. Nulla semper tellus id nunc
80|0|0|5|8|Suspendisse tristique neque venenatis lacus. Etiam bibendum fermentum metus.|39232473-H|Brendan Wooten|6951 Urna. St.|Rwanda|MB|Clovis|ZQ32 5OQ|Nunc.sed.orci@dictumProin.com|http://www.ocsuyknaoh.tom|90 688 80 65|602 838 396|94 477 98 47|799939|arcu. Morbi sit amet massa. Quisque porttitor eros nec tellus. Nunc lectus pede, ultrices a, auctor non, feugiat nec, diam. Duis mi enim, condimentum eget, volutpat ornare, facilisis eget, ipsum. Donec sollicitudin adipiscing ligula. Aenean gravida nunc sed pede. Cum sociis natoque penatibus et magnis dis parturient montes, nascetur ridiculus mus. Proin vel arcu eu odio tristique pharetra. Quisque ac libero nec ligula consectetuer rhoncus. Nullam velit dui, semper et, lacinia vitae, sodales at, velit. Pellentesque ultricies dignissim lacus. Aliquam rutrum lorem ac risus. Morbi metus. Vivamus
81|1|4|6|6|pede, ultrices a, auctor non, feugiat nec,|42149641-M|Reese Webster|Ap #365-2108 Sed Av.|French Guiana|WEM|San Gabriel|2275JE|dolor.quam@atpretiumaliquet.org|http://www.mojgdrmlsr.qom|92 646 92 38|646 012 437|95 030 58 37|132166|luctus ut, pellentesque eget, dictum placerat, augue. Sed molestie. Sed id risus quis diam
82|0|8|10|0|commodo hendrerit. Donec porttitor tellus|56570326-M|Griffin Sweet|Ap #526-8024 Ut, Ave|Turkey|Utrecht|Port Arthur|7893JR|semper@egetlaoreetposuere.com|http://www.iwfcmrxkef.fom|90 300 63 79|674 767 131|98 201 69 37|507370|non massa non ante bibendum ullamcorper. Duis cursus, diam at pretium aliquet, metus urna
83|1|2|9|0|quis turpis vitae purus gravida sagittis.|02830714-N|Quamar Day|606-3964 Lorem St.|Ireland|East Sussex|Goose Creek|Q3 7YD|quis@atauctorullamcorper.com|http://www.kbqcfzqpkj.qom|97 426 55 38|670 508 410|93 028 43 45|610782|euismod mauris eu elit. Nulla facilisi. Sed neque. Sed eget lacus. Mauris non dui nec urna suscipit nonummy. Fusce fermentum fermentum arcu. Vestibulum ante ipsum primis in faucibus orci luctus et ultrices posuere cubilia Curae; Phasellus ornare. Fusce mollis. Duis sit amet diam eu dolor egestas rhoncus.
84|0|8|6|8|auctor, velit eget laoreet posuere, enim nisl elementum|02565436-Y|Hakeem Kirby|Ap #811-6964 Maecenas Rd.|Slovenia|WI|Durant|VO6 0CG|rutrum.eu.ultrices@rutrumlorem.com|http://www.awvqjqiefn.kom|92 207 20 98|668 328 455|99 194 17 28|239971|elit, dictum eu, eleifend nec, malesuada ut, sem. Nulla interdum. Curabitur dictum. Phasellus in felis. Nulla tempor augue ac ipsum. Phasellus vitae mauris sit amet lorem semper auctor. Mauris vel turpis. Aliquam adipiscing lobortis risus. In mi pede, nonummy ut, molestie in, tempus eu, ligula. Aenean euismod mauris eu elit. Nulla facilisi. Sed neque. Sed eget lacus. Mauris non dui nec urna suscipit nonummy. Fusce fermentum fermentum arcu. Vestibulum ante ipsum primis in faucibus orci luctus et ultrices posuere cubilia Curae; Phasellus ornare. Fusce mollis. Duis sit amet diam
85|0|1|7|7|id, erat. Etiam vestibulum massa rutrum magna.|70270148-M|Nash Puckett|922-4082 Dui. Street|Eritrea|CWD|McAlester|X4A 9R7|eu@cursus.com|http://www.xpgdyeofmd.hom|90 544 20 05|629 929 609|94 287 14 02|419539|Integer eu lacus. Quisque imperdiet, erat nonummy ultricies ornare, elit elit fermentum risus, at fringilla purus mauris a nunc. In at pede. Cras vulputate
86|1|7|10|9|dapibus rutrum, justo. Praesent luctus. Curabitur egestas nunc sed|32732351-I|Roth Bryant|P.O. Box 507, 1012 Elementum Av.|Taiwan, Province of China|Manitoba|Anchorage|S8I 9P6|nonummy@Maecenas.com|http://www.cmhyntakyg.som|91 735 05 53|652 182 653|96 779 82 28|768014|amet, consectetuer adipiscing elit. Etiam laoreet, libero et tristique pellentesque, tellus sem mollis dui, in sodales elit erat vitae risus. Duis a mi fringilla mi lacinia mattis. Integer eu lacus. Quisque imperdiet, erat nonummy ultricies ornare, elit elit fermentum risus, at fringilla purus mauris a nunc. In at pede. Cras vulputate velit eu sem. Pellentesque ut ipsum ac mi eleifend egestas. Sed pharetra, felis eget varius ultrices, mauris ipsum porta elit, a feugiat tellus lorem eu metus. In lorem. Donec elementum, lorem ut aliquam iaculis, lacus pede sagittis augue, eu tempor erat neque non quam.
87|0|9|0|8|feugiat tellus lorem eu metus.|15861113-H|Alan Mays|6266 Ipsum Rd.|Gibraltar|OH|San Gabriel|56771|lacinia.vitae@eu.org|http://www.qcnfcceslw.hom|96 706 47 42|633 891 507|99 354 06 92|812112|justo faucibus lectus, a sollicitudin orci sem eget massa. Suspendisse eleifend. Cras
88|1|5|3|8|Aliquam ultrices iaculis odio. Nam|87551785-P|Oscar Nielsen|168-2057 Aliquet Av.|Albania|MB|Vallejo|02577|nibh@pedeSuspendisse.com|http://www.dschnnjtnw.yom|92 237 72 76|634 650 322|92 716 98 72|457393|rutrum non, hendrerit id, ante. Nunc mauris sapien, cursus in, hendrerit consectetuer, cursus et, magna. Praesent interdum ligula eu enim. Etiam imperdiet dictum magna. Ut tincidunt orci quis lectus. Nullam suscipit, est ac facilisis facilisis,
89|0|8|4|0|pede blandit congue. In scelerisque|47464199-V|Jason Barlow|533-5923 Lacus. Av.|Iran, Islamic Republic of|KS|Altoona|05379|eget.lacus.Mauris@nunc.edu|http://www.zlffflrvwv.jom|91 708 93 60|615 068 867|90 761 70 39|374226|et, magna. Praesent interdum ligula eu enim. Etiam imperdiet dictum magna. Ut tincidunt orci quis lectus. Nullam suscipit, est ac facilisis facilisis, magna tellus faucibus leo, in lobortis tellus justo sit amet nulla. Donec non justo. Proin non massa non ante bibendum ullamcorper. Duis cursus, diam at pretium aliquet, metus urna convallis erat, eget tincidunt dui augue eu tellus. Phasellus elit pede, malesuada vel, venenatis vel, faucibus id, libero. Donec consectetuer mauris id sapien. Cras dolor dolor, tempus non, lacinia at, iaculis quis, pede. Praesent eu dui.
90|0|7|5|4|cubilia Curae; Phasellus ornare. Fusce mollis. Duis sit amet diam|46283298-G|Kevin Merritt|200-9882 Tincidunt St.|Anguilla|Huntingdonshire|El Monte|10482|odio@nequeSed.ca|http://www.suouayxazf.tom|90 944 47 07|659 854 676|97 187 86 36|733260|non, dapibus rutrum, justo. Praesent luctus. Curabitur egestas nunc sed libero. Proin sed turpis nec mauris blandit mattis. Cras eget nisi dictum augue malesuada malesuada. Integer id magna et ipsum cursus vestibulum.
91|1|2|8|5|sed pede nec ante blandit viverra.|87167817-R|Lucas Charles|1206 Sociis Road|Maldives|Bedfordshire|Santa Rosa|2801QD|Curabitur.ut.odio@acsemut.edu|http://www.qojzyfcmxy.xom|93 094 45 20|694 996 614|90 132 79 67|849703|Donec luctus aliquet odio. Etiam ligula tortor, dictum eu, placerat eget, venenatis a, magna. Lorem ipsum dolor sit amet, consectetuer adipiscing elit. Etiam laoreet, libero et tristique pellentesque, tellus sem mollis dui, in sodales elit erat vitae risus. Duis a mi fringilla mi lacinia mattis. Integer eu lacus. Quisque imperdiet, erat nonummy ultricies ornare, elit elit fermentum risus, at fringilla purus mauris a nunc. In at pede. Cras vulputate velit eu sem. Pellentesque ut ipsum ac mi eleifend egestas. Sed pharetra, felis eget varius ultrices,
92|0|8|8|1|lorem eu metus. In lorem.|14366361-J|Laith Romero|P.O. Box 135, 8455 Vestibulum Ave|Mauritania|East Lothian|Livonia|57800|Curabitur.vel@Phasellusvitae.ca|http://www.uuqunvvjkd.zom|98 031 84 73|635 803 819|95 513 39 91|543500|dolor, nonummy ac, feugiat non, lobortis quis, pede. Suspendisse dui. Fusce diam nunc, ullamcorper eu, euismod ac, fermentum vel, mauris. Integer sem elit, pharetra ut, pharetra sed, hendrerit a, arcu. Sed et libero. Proin mi. Aliquam gravida mauris ut mi. Duis risus odio, auctor vitae, aliquet nec, imperdiet nec, leo. Morbi neque tellus, imperdiet non, vestibulum nec, euismod in, dolor. Fusce feugiat. Lorem ipsum dolor sit amet, consectetuer adipiscing elit. Aliquam auctor, velit eget laoreet posuere, enim nisl elementum purus, accumsan interdum libero dui nec
93|1|2|1|9|malesuada ut, sem. Nulla interdum.|12069394-F|August Sosa|6318 Semper St.|Seychelles|Zld.|Frankfort|1163JR|lectus.pede.ultrices@mattisornarelectus.ca|http://www.ezqgflxalx.fom|93 958 78 17|632 906 265|95 643 84 91|726417|erat semper rutrum. Fusce dolor quam, elementum at, egestas a, scelerisque sed, sapien. Nunc pulvinar arcu et pede. Nunc sed orci lobortis augue scelerisque mollis. Phasellus libero mauris, aliquam eu, accumsan sed, facilisis vitae, orci. Phasellus dapibus quam quis diam. Pellentesque habitant morbi tristique senectus et netus et malesuada fames ac
94|1|9|10|9|neque non quam. Pellentesque habitant morbi|41522365-I|Micah Clayton|Ap #264-724 Orci Road|Cuba|Yukon|Titusville|19334|commodo.hendrerit.Donec@ullamcorperviverraMaecenas.edu|http://www.ebiulbzmhn.mom|99 053 06 49|664 158 405|90 991 19 49|468558|in, cursus et, eros. Proin ultrices. Duis volutpat nunc sit amet metus. Aliquam erat volutpat. Nulla facilisis. Suspendisse commodo tincidunt nibh. Phasellus nulla. Integer vulputate, risus a ultricies adipiscing, enim mi tempor lorem, eget mollis lectus pede et risus. Quisque libero lacus, varius et, euismod et, commodo at, libero. Morbi accumsan laoreet ipsum. Curabitur
95|1|8|4|3|Duis elementum, dui quis accumsan convallis, ante lectus convallis|81546410-O|Octavius Wells|Ap #102-7547 Dui Av.|Kiribati|Oklahoma|Slidell|P6X 7C3|Etiam@eleifendCras.edu|http://www.gjcbxcvjgs.vom|98 568 24 73|643 940 083|95 376 51 76|141826|Cras eu tellus eu augue porttitor interdum. Sed auctor odio a purus. Duis elementum, dui quis accumsan convallis, ante lectus convallis est, vitae sodales nisi magna sed dui. Fusce aliquam, enim nec tempus scelerisque, lorem ipsum sodales purus, in molestie tortor nibh sit amet orci. Ut sagittis lobortis mauris. Suspendisse aliquet molestie tellus. Aenean egestas hendrerit neque. In ornare sagittis felis. Donec tempor, est ac mattis semper, dui lectus rutrum urna, nec luctus felis purus ac tellus. Suspendisse sed dolor. Fusce mi lorem, vehicula et, rutrum
96|0|0|2|2|semper pretium neque. Morbi quis urna. Nunc quis arcu vel|87925378-G|Chancellor Thornton|858-3291 Tincidunt Avenue|Argentina|Devon|Chicopee|09789|malesuada@venenatis.com|http://www.mzetykphlc.gom|96 378 48 55|603 600 590|99 181 58 33|825700|amet luctus vulputate, nisi sem semper erat, in consectetuer ipsum nunc id enim. Curabitur massa. Vestibulum accumsan neque et nunc. Quisque ornare tortor at risus. Nunc ac sem ut dolor dapibus gravida. Aliquam tincidunt, nunc ac mattis ornare, lectus ante dictum mi, ac mattis velit justo nec ante. Maecenas mi felis, adipiscing fringilla, porttitor vulputate, posuere vulputate, lacus. Cras interdum. Nunc sollicitudin commodo ipsum. Suspendisse non leo. Vivamus nibh dolor, nonummy ac, feugiat non, lobortis quis, pede. Suspendisse
97|0|2|0|3|molestie dapibus ligula. Aliquam erat volutpat. Nulla dignissim. Maecenas ornare|07782396-A|Wallace Perkins|4605 Justo. Av.|Western Sahara|OK|Joliet|77275|tempus@molestietortornibh.org|http://www.knodbkynkq.dom|99 109 58 79|677 650 400|91 857 20 23|227705|sapien imperdiet ornare. In faucibus. Morbi vehicula. Pellentesque tincidunt tempus risus. Donec egestas. Duis ac arcu. Nunc mauris. Morbi non sapien molestie orci tincidunt adipiscing. Mauris molestie pharetra nibh. Aliquam ornare, libero at auctor ullamcorper, nisl arcu iaculis enim, sit amet ornare lectus justo eu arcu. Morbi sit amet massa. Quisque porttitor eros nec tellus. Nunc lectus pede, ultrices a, auctor non, feugiat nec, diam. Duis mi enim, condimentum eget, volutpat ornare, facilisis
98|1|1|10|8|arcu. Aliquam ultrices iaculis odio.|80567545-F|Uriah Knox|Ap #784-7872 Eget Avenue|Christmas Island|AB|Memphis|66762|massa.Mauris@elementumloremut.ca|http://www.ztlqtbjngw.pom|95 689 05 96|608 265 890|93 682 66 62|415339|ullamcorper. Duis cursus, diam at pretium aliquet, metus urna convallis erat, eget tincidunt dui augue eu tellus. Phasellus elit pede, malesuada vel, venenatis vel, faucibus id, libero. Donec consectetuer mauris id sapien. Cras dolor dolor, tempus non, lacinia at, iaculis quis, pede. Praesent eu dui. Cum sociis natoque penatibus et magnis dis parturient montes, nascetur ridiculus mus. Aenean eget magna. Suspendisse tristique neque venenatis lacus. Etiam bibendum fermentum metus. Aenean sed pede nec ante blandit viverra.
99|1|10|5|4|egestas a, dui. Cras pellentesque. Sed dictum.|24174782-A|Judah Spence|1871 Nibh. Rd.|Burundi|Banffshire|Minneapolis|Z3I 3S4|consequat@erat.com|http://www.gkgdwdhaws.wom|92 889 65 44|674 706 457|95 859 09 11|888405|amet orci. Ut sagittis lobortis mauris. Suspendisse aliquet molestie tellus. Aenean egestas hendrerit neque. In ornare sagittis felis. Donec tempor, est ac mattis semper, dui lectus rutrum urna, nec luctus felis purus ac tellus. Suspendisse sed dolor. Fusce mi
100|1|2|2|7|Duis at lacus. Quisque purus sapien, gravida|63618092-U|Armando Waller|Ap #757-4581 Sit Rd.|Costa Rica|FL|Green River|T4I 0BM|Donec.fringilla.Donec@enimSuspendisse.ca|http://www.nccesvqymd.dom|93 824 02 84|696 826 875|90 179 78 08|568930|dui quis accumsan convallis, ante lectus convallis est, vitae sodales nisi magna sed dui. Fusce aliquam, enim nec tempus scelerisque, lorem ipsum sodales purus, in molestie tortor nibh sit amet orci. Ut sagittis lobortis mauris. Suspendisse aliquet molestie tellus. Aenean egestas hendrerit neque. In ornare sagittis felis. Donec tempor, est ac mattis semper, dui lectus rutrum urna, nec luctus felis purus ac tellus. Suspendisse sed dolor. Fusce mi lorem, vehicula et, rutrum eu, ultrices sit amet, risus. Donec nibh enim, gravida sit amet, dapibus id, blandit

